VIBR;28517;34.00
TEMP;28045;97.00
FLUX;26515;66.00
TEMP;31431;59.00
PRES;1766;12.00
UMID;20553;77.00
PRES;19418;16.00
UMID;4899;57.00
PRES;12039;22.00
UMID;8517;15.00
TEMP;11480;89.00
PRES;19927;96.00
UMID;25976;88.00
PRES;25067;92.00
VIBR;4515;13.00
PRES;25663;1.00
TEMP;9837;70.00
VIBR;19150;20.00
FLUX;6929;78.00
TEMP;3925;74.00
FLUX;11113;59.00
UMID;15396;66.00
TEMP;30373;5.00
FLUX;30924;5.00
VIBR;19788;23.00
FLUX;30342;51.00
UMID;12987;89.00
PRES;27246;3.00
UMID;21914;40.00
FLUX;6118;75.00
UMID;24567;84.00
PRES;22455;62.00
PRES;19213;27.00
FLUX;6352;69.00
FLUX;11242;80.00
TEMP;7601;42.00
VIBR;1374;95.00
PRES;17892;9.00
FLUX;24837;8.00
UMID;5393;77.00
VIBR;5199;27.00
TEMP;29075;27.00
PRES;30659;83.00
VIBR;21138;82.00
UMID;17916;0.00
PRES;23064;93.00
FLUX;9489;12.00
UMID;12690;78.00
PRES;22627;58.00
VIBR;32697;90.00
VIBR;4609;23.00
TEMP;1258;39.00
UMID;8752;96.00
FLUX;26431;66.00
VIBR;10415;55.00
VIBR;2577;64.00
PRES;16077;61.00
VIBR;1203;65.00
PRES;8818;85.00
UMID;31348;14.00
VIBR;2473;9.00
FLUX;19033;59.00
PRES;17223;88.00
UMID;22287;86.00
PRES;29895;71.00
FLUX;6129;63.00
TEMP;28282;50.00
UMID;19023;63.00
VIBR;1674;92.00
VIBR;1580;99.00
VIBR;149;90.00
PRES;15403;10.00
UMID;2751;56.00
VIBR;19053;76.00
VIBR;6797;63.00
FLUX;29825;87.00
PRES;17131;76.00
VIBR;11969;14.00
TEMP;18986;28.00
PRES;26541;26.00
VIBR;8662;64.00
TEMP;23071;15.00
UMID;15287;92.00
TEMP;2416;94.00
UMID;24152;2.00
PRES;25828;59.00
UMID;24810;12.00
VIBR;16894;69.00
UMID;26978;51.00
VIBR;30088;83.00
FLUX;14613;83.00
PRES;24936;44.00
TEMP;4942;89.00
VIBR;24997;15.00
VIBR;9870;26.00
TEMP;11564;20.00
TEMP;27755;93.00
VIBR;3882;76.00
FLUX;32091;12.00
PRES;25626;42.00
UMID;11459;38.00
FLUX;4571;38.00
UMID;14113;4.00
VIBR;21609;56.00
PRES;12079;66.00
FLUX;16652;73.00
UMID;30798;5.00
VIBR;24601;5.00
VIBR;19357;83.00
FLUX;16798;87.00
PRES;21125;41.00
VIBR;2955;37.00
FLUX;7328;49.00
VIBR;16441;2.00
FLUX;28745;73.00
PRES;29278;75.00
PRES;31800;82.00
FLUX;22474;59.00
PRES;5613;77.00
TEMP;16011;11.00
TEMP;17379;34.00
UMID;24639;18.00
VIBR;9147;27.00
UMID;32195;87.00
TEMP;7139;73.00
TEMP;8577;47.00
VIBR;1378;57.00
FLUX;28936;35.00
FLUX;26064;54.00
UMID;9906;28.00
VIBR;15013;42.00
PRES;12937;68.00
TEMP;3681;82.00
TEMP;11688;28.00
TEMP;25921;73.00
UMID;19907;4.00
FLUX;21111;12.00
FLUX;28328;96.00
PRES;2079;89.00
PRES;9684;95.00
TEMP;17258;34.00
UMID;14439;52.00
PRES;25530;56.00
PRES;17954;24.00
TEMP;5783;40.00
FLUX;7229;89.00
FLUX;7121;95.00
TEMP;31020;91.00
PRES;3113;28.00
FLUX;9899;56.00
FLUX;4689;36.00
FLUX;16815;70.00
TEMP;31015;82.00
PRES;24591;10.00
FLUX;9084;37.00
VIBR;4604;38.00
PRES;16574;33.00
PRES;4517;98.00
PRES;12126;29.00
FLUX;23960;84.00
FLUX;18640;14.00
PRES;2753;3.00
FLUX;7281;21.00
TEMP;24853;32.00
FLUX;13756;87.00
VIBR;25163;79.00
TEMP;16270;17.00
UMID;15407;24.00
PRES;31086;51.00
FLUX;28794;11.00
VIBR;21782;3.00
FLUX;14890;21.00
FLUX;426;97.00
FLUX;31956;96.00
TEMP;30561;35.00
VIBR;25706;86.00
FLUX;4501;30.00
UMID;23653;70.00
FLUX;15975;60.00
UMID;15187;85.00
FLUX;4740;79.00
UMID;31806;84.00
PRES;29868;38.00
UMID;12643;14.00
FLUX;26632;66.00
FLUX;5168;22.00
TEMP;3440;37.00
TEMP;17548;98.00
TEMP;4920;56.00
FLUX;32201;98.00
FLUX;18455;81.00
PRES;20951;45.00
TEMP;12609;96.00
VIBR;27535;44.00
PRES;11478;7.00
PRES;32565;66.00
FLUX;8491;2.00
PRES;31867;84.00
PRES;20127;43.00
UMID;22440;11.00
UMID;23790;71.00
FLUX;26552;51.00
UMID;32333;11.00
VIBR;30098;19.00
FLUX;20916;15.00
TEMP;15517;17.00
TEMP;23315;27.00
UMID;22364;75.00
FLUX;17264;42.00
VIBR;29415;38.00
VIBR;27681;13.00
TEMP;14923;38.00
UMID;1951;88.00
TEMP;18234;89.00
UMID;12184;87.00
VIBR;6046;60.00
TEMP;9052;23.00
TEMP;8154;84.00
PRES;19120;59.00
TEMP;8171;65.00
UMID;6313;83.00
FLUX;30117;49.00
FLUX;18215;15.00
VIBR;20666;45.00
UMID;28412;61.00
VIBR;32084;93.00
TEMP;2540;30.00
UMID;98;99.00
PRES;17160;23.00
TEMP;3314;11.00
VIBR;28428;85.00
PRES;31780;42.00
VIBR;27085;23.00
UMID;31132;40.00
VIBR;14044;49.00
PRES;5253;90.00
VIBR;29410;52.00
UMID;27002;57.00
FLUX;12391;45.00
PRES;13296;96.00
PRES;5632;69.00
PRES;22013;12.00
TEMP;19737;71.00
PRES;23435;32.00
PRES;22482;94.00
PRES;14937;63.00
VIBR;2477;44.00
TEMP;8793;84.00
FLUX;29180;88.00
VIBR;10821;86.00
UMID;22611;48.00
FLUX;4752;81.00
TEMP;19049;65.00
TEMP;19697;64.00
PRES;30757;82.00
TEMP;316;32.00
FLUX;1497;28.00
PRES;30792;80.00
PRES;26060;60.00
UMID;15380;34.00
PRES;425;93.00
VIBR;26727;8.00
TEMP;20845;34.00
PRES;10651;51.00
TEMP;16612;59.00
TEMP;20317;65.00
VIBR;17882;61.00
UMID;14203;10.00
VIBR;6282;53.00
PRES;14627;37.00
UMID;27893;87.00
VIBR;13085;40.00
PRES;10015;99.00
UMID;32733;10.00
VIBR;7527;92.00
TEMP;26764;90.00
PRES;25463;82.00
UMID;19538;44.00
VIBR;7553;27.00
FLUX;9099;40.00
VIBR;20160;98.00
FLUX;24233;45.00
TEMP;18290;46.00
TEMP;28404;54.00
TEMP;5583;39.00
FLUX;7014;39.00
VIBR;31402;94.00
FLUX;11859;43.00
VIBR;11695;90.00
FLUX;6307;38.00
VIBR;1677;79.00
FLUX;28098;75.00
FLUX;14183;72.00
VIBR;10130;98.00
VIBR;31323;34.00
UMID;1030;57.00
TEMP;14091;32.00
TEMP;5682;76.00
UMID;1631;0.00
TEMP;25323;53.00
PRES;27141;78.00
TEMP;9552;89.00
PRES;23126;11.00
TEMP;12764;51.00
VIBR;18596;87.00
PRES;28353;6.00
PRES;11553;10.00
FLUX;3781;65.00
TEMP;32484;55.00
FLUX;14301;42.00
UMID;22958;78.00
PRES;4397;78.00
PRES;26751;53.00
TEMP;27711;41.00
UMID;15651;10.00
UMID;27534;27.00
TEMP;23605;57.00
VIBR;15546;9.00
VIBR;16973;55.00
FLUX;18167;28.00
PRES;21080;98.00
TEMP;7838;55.00
VIBR;17991;1.00
UMID;13541;30.00
PRES;12954;5.00
PRES;10027;19.00
UMID;17005;93.00
FLUX;21341;65.00
PRES;21785;90.00
UMID;32597;47.00
FLUX;26499;20.00
PRES;32589;33.00
FLUX;683;2.00
UMID;27578;56.00
UMID;5665;31.00
PRES;12580;62.00
TEMP;102;86.00
UMID;9440;38.00
VIBR;24673;28.00
UMID;24495;19.00
VIBR;29298;62.00
PRES;31666;87.00
UMID;204;32.00
FLUX;1334;93.00
UMID;8723;84.00
UMID;1597;14.00
UMID;29312;69.00
TEMP;8919;16.00
PRES;29425;18.00
TEMP;20646;60.00
FLUX;5798;25.00
VIBR;24097;98.00
UMID;5034;41.00
TEMP;20079;82.00
PRES;4883;24.00
FLUX;5364;12.00
PRES;13721;84.00
TEMP;2026;85.00
VIBR;22076;3.00
FLUX;919;66.00
TEMP;22504;17.00
PRES;16381;19.00
TEMP;27743;59.00
PRES;22810;65.00
PRES;29139;18.00
VIBR;3607;27.00
TEMP;4590;53.00
PRES;21998;56.00
PRES;2110;83.00
UMID;10354;72.00
VIBR;12095;61.00
PRES;20674;47.00
FLUX;31354;2.00
TEMP;23178;13.00
UMID;10609;76.00
VIBR;15775;38.00
PRES;4690;23.00
VIBR;25564;31.00
PRES;13473;93.00
TEMP;4934;37.00
FLUX;9052;70.00
TEMP;15075;50.00
UMID;4941;89.00
PRES;10953;46.00
PRES;17790;2.00
TEMP;28751;1.00
VIBR;28424;47.00
FLUX;30056;0.00
FLUX;30398;48.00
FLUX;11911;89.00
VIBR;13919;85.00
TEMP;9389;4.00
TEMP;12366;59.00
PRES;4450;56.00
VIBR;11274;51.00
PRES;8394;38.00
TEMP;15062;98.00
FLUX;21024;3.00
VIBR;4950;39.00
VIBR;26929;69.00
UMID;19972;63.00
VIBR;943;0.00
VIBR;9681;63.00
VIBR;15221;81.00
VIBR;18257;92.00
TEMP;23323;37.00
FLUX;15927;28.00
PRES;7264;51.00
VIBR;1045;36.00
TEMP;16469;25.00
TEMP;25756;24.00
TEMP;8020;79.00
PRES;10958;15.00
UMID;8999;52.00
FLUX;10203;17.00
FLUX;2022;86.00
TEMP;28588;2.00
PRES;20599;86.00
TEMP;28734;10.00
FLUX;8632;79.00
UMID;8287;54.00
PRES;17339;3.00
PRES;14190;13.00
PRES;27286;79.00
FLUX;804;31.00
TEMP;12476;86.00
UMID;20892;82.00
VIBR;27348;70.00
PRES;21773;32.00
TEMP;16782;26.00
UMID;13296;75.00
FLUX;22502;25.00
PRES;29584;9.00
UMID;17614;48.00
FLUX;25649;97.00
PRES;23872;58.00
UMID;32082;96.00
VIBR;18462;50.00
TEMP;32181;91.00
PRES;10096;90.00
VIBR;30260;84.00
TEMP;23262;20.00
TEMP;30603;80.00
TEMP;3449;65.00
VIBR;15006;30.00
VIBR;29996;18.00
UMID;6119;78.00
PRES;29809;53.00
FLUX;19979;57.00
VIBR;16157;6.00
FLUX;16589;60.00
FLUX;18781;36.00
PRES;20693;73.00
TEMP;13372;74.00
TEMP;513;56.00
VIBR;11595;8.00
PRES;10562;11.00
FLUX;24387;32.00
PRES;7214;34.00
UMID;12209;56.00
PRES;11214;59.00
PRES;10776;20.00
TEMP;24916;40.00
UMID;13061;37.00
PRES;20153;6.00
UMID;32265;31.00
VIBR;7798;95.00
TEMP;22429;48.00
TEMP;13523;93.00
FLUX;12363;94.00
FLUX;31364;61.00
PRES;2248;99.00
TEMP;7047;98.00
TEMP;30385;36.00
TEMP;30342;19.00
VIBR;2092;23.00
VIBR;30758;14.00
PRES;24744;40.00
UMID;31497;60.00
UMID;4961;32.00
PRES;20597;14.00
UMID;4219;93.00
FLUX;7886;23.00
UMID;32718;27.00
UMID;6776;94.00
TEMP;12483;32.00
VIBR;4785;39.00
FLUX;26820;94.00
TEMP;12159;43.00
FLUX;25135;44.00
VIBR;24279;41.00
PRES;19416;57.00
UMID;7793;33.00
FLUX;7541;87.00
VIBR;23834;66.00
VIBR;12165;32.00
VIBR;26969;1.00
UMID;17816;60.00
VIBR;7353;69.00
UMID;12289;62.00
FLUX;31278;12.00
PRES;26203;47.00
VIBR;6971;89.00
UMID;3679;9.00
FLUX;23270;35.00
TEMP;23300;53.00
PRES;32419;40.00
TEMP;7653;81.00
PRES;31932;76.00
TEMP;22869;61.00
TEMP;15578;44.00
TEMP;11183;62.00
UMID;6848;90.00
VIBR;7367;39.00
FLUX;23640;26.00
UMID;15492;80.00
TEMP;928;53.00
FLUX;11785;47.00
TEMP;14869;8.00
VIBR;15608;29.00
FLUX;22197;41.00
PRES;696;0.00
VIBR;175;34.00
PRES;32706;71.00
VIBR;80;91.00
PRES;29023;5.00
TEMP;15579;13.00
TEMP;9823;95.00
PRES;326;43.00
VIBR;13745;8.00
FLUX;15121;67.00
UMID;20455;9.00
PRES;19897;64.00
VIBR;260;74.00
VIBR;6770;89.00
UMID;10798;4.00
PRES;20264;58.00
FLUX;21265;15.00
PRES;16636;15.00
UMID;16670;8.00
TEMP;21945;47.00
FLUX;5866;31.00
FLUX;7409;64.00
FLUX;10323;39.00
FLUX;1221;32.00
PRES;16443;31.00
UMID;24452;73.00
PRES;23287;24.00
VIBR;1700;69.00
TEMP;25796;68.00
UMID;7365;37.00
TEMP;28127;58.00
FLUX;5050;10.00
FLUX;3606;41.00
TEMP;31950;25.00
UMID;28647;33.00
VIBR;6338;48.00
FLUX;16269;32.00
TEMP;27182;29.00
TEMP;5258;61.00
FLUX;2137;44.00
PRES;27789;11.00
FLUX;27030;13.00
VIBR;1221;39.00
PRES;9165;42.00
UMID;23296;79.00
VIBR;1729;92.00
FLUX;29228;20.00
UMID;18214;25.00
VIBR;11790;25.00
FLUX;680;23.00
PRES;18508;71.00
VIBR;1141;33.00
VIBR;5407;12.00
VIBR;12006;50.00
UMID;6212;39.00
PRES;6748;85.00
PRES;23310;50.00
VIBR;8809;9.00
FLUX;6814;26.00
PRES;4573;42.00
UMID;20910;27.00
PRES;13146;52.00
FLUX;25459;8.00
VIBR;3943;28.00
VIBR;21889;2.00
VIBR;25165;30.00
UMID;9406;15.00
VIBR;8990;9.00
PRES;26038;2.00
PRES;8876;86.00
PRES;6911;86.00
TEMP;9321;83.00
UMID;3172;65.00
FLUX;11360;7.00
FLUX;19;3.00
TEMP;25793;21.00
VIBR;4869;14.00
PRES;17089;59.00
PRES;8274;50.00
TEMP;17848;92.00
FLUX;16181;16.00
PRES;7360;86.00
TEMP;28138;47.00
PRES;32327;94.00
VIBR;5035;13.00
VIBR;23122;53.00
VIBR;11898;31.00
VIBR;7004;60.00
TEMP;20855;9.00
TEMP;13087;84.00
PRES;7922;54.00
PRES;1955;58.00
VIBR;13693;60.00
TEMP;19051;11.00
FLUX;10665;0.00
PRES;9876;67.00
UMID;11826;45.00
PRES;21571;5.00
VIBR;2751;58.00
VIBR;20157;21.00
VIBR;1428;28.00
TEMP;30700;84.00
PRES;32437;14.00
TEMP;12112;5.00
UMID;15214;93.00
PRES;7048;85.00
UMID;22346;54.00
FLUX;27887;94.00
TEMP;3021;7.00
VIBR;1289;36.00
FLUX;4760;33.00
PRES;438;52.00
UMID;23997;16.00
VIBR;31835;31.00
PRES;20590;7.00
FLUX;11401;71.00
VIBR;5704;86.00
PRES;23244;80.00
PRES;16878;66.00
VIBR;31647;70.00
TEMP;2992;9.00
PRES;13246;91.00
FLUX;28522;17.00
PRES;15950;46.00
PRES;5355;86.00
VIBR;656;88.00
FLUX;28796;32.00
PRES;27161;35.00
VIBR;29023;96.00
FLUX;2505;18.00
PRES;29284;5.00
FLUX;16119;85.00
TEMP;1246;69.00
VIBR;20358;7.00
PRES;10405;6.00
UMID;14052;53.00
UMID;9188;80.00
FLUX;25381;60.00
VIBR;994;19.00
TEMP;3245;1.00
TEMP;27663;97.00
FLUX;22578;96.00
VIBR;19189;69.00
VIBR;26104;93.00
PRES;25822;45.00
UMID;8849;26.00
TEMP;29264;67.00
PRES;27793;56.00
VIBR;25773;62.00
PRES;16364;1.00
UMID;19864;16.00
VIBR;25339;91.00
PRES;30192;53.00
TEMP;23135;62.00
VIBR;30591;54.00
FLUX;54;57.00
UMID;14511;34.00
UMID;20578;53.00
FLUX;3041;30.00
TEMP;7885;35.00
PRES;31809;73.00
FLUX;19958;5.00
TEMP;4130;4.00
FLUX;2851;80.00
UMID;3404;63.00
VIBR;25362;4.00
UMID;9671;77.00
VIBR;31999;36.00
VIBR;29692;11.00
TEMP;17231;86.00
VIBR;25426;22.00
PRES;2132;29.00
TEMP;7810;37.00
FLUX;6867;35.00
VIBR;28513;39.00
UMID;4437;34.00
FLUX;13264;55.00
UMID;9338;47.00
TEMP;14857;75.00
TEMP;4024;84.00
FLUX;2706;82.00
FLUX;27979;71.00
UMID;28783;74.00
UMID;11593;62.00
FLUX;111;68.00
PRES;28953;6.00
VIBR;1704;45.00
TEMP;2995;53.00
VIBR;11649;80.00
FLUX;31864;97.00
VIBR;29651;37.00
VIBR;15754;39.00
UMID;12305;90.00
UMID;32738;46.00
PRES;31860;40.00
VIBR;16027;71.00
PRES;3222;88.00
TEMP;16425;73.00
TEMP;10002;63.00
PRES;30583;29.00
UMID;24048;56.00
UMID;4127;88.00
FLUX;14098;27.00
TEMP;6204;19.00
TEMP;20960;91.00
PRES;32644;10.00
TEMP;18901;45.00
PRES;22182;32.00
PRES;11723;21.00
TEMP;11055;79.00
PRES;29201;48.00
PRES;23382;80.00
VIBR;22447;67.00
VIBR;6784;2.00
VIBR;28012;83.00
VIBR;27233;60.00
PRES;8037;41.00
PRES;22020;33.00
FLUX;20574;39.00
UMID;4892;46.00
TEMP;17432;40.00
FLUX;9066;36.00
PRES;17480;82.00
VIBR;29478;16.00
VIBR;29189;55.00
VIBR;4773;61.00
FLUX;13263;64.00
UMID;22709;2.00
VIBR;13428;5.00
PRES;18530;7.00
FLUX;382;85.00
PRES;20517;73.00
UMID;6134;19.00
PRES;12716;3.00
FLUX;9372;3.00
TEMP;26813;22.00
VIBR;30944;31.00
TEMP;3293;63.00
FLUX;18505;46.00
UMID;15555;38.00
VIBR;14855;52.00
VIBR;29639;8.00
FLUX;18655;77.00
FLUX;2243;12.00
UMID;24509;83.00
PRES;21283;2.00
VIBR;11143;43.00
PRES;24091;24.00
VIBR;19210;93.00
VIBR;31545;1.00
FLUX;27673;87.00
UMID;15562;65.00
UMID;4398;14.00
UMID;13776;10.00
TEMP;15672;80.00
FLUX;8314;70.00
TEMP;11095;74.00
UMID;3416;10.00
TEMP;5806;68.00
TEMP;19658;36.00
VIBR;31391;18.00
TEMP;12629;59.00
FLUX;11780;86.00
TEMP;25824;40.00
PRES;23624;34.00
TEMP;9230;37.00
TEMP;13669;85.00
FLUX;6703;75.00
TEMP;19002;13.00
TEMP;7543;64.00
UMID;31925;15.00
PRES;32388;37.00
TEMP;17340;48.00
PRES;20315;35.00
TEMP;20716;19.00
FLUX;17750;98.00
VIBR;31346;71.00
TEMP;30412;31.00
VIBR;13751;39.00
FLUX;79;59.00
FLUX;32662;68.00
UMID;26319;36.00
UMID;21840;45.00
VIBR;8981;22.00
FLUX;28026;42.00
FLUX;30787;83.00
VIBR;17053;99.00
TEMP;23133;32.00
PRES;18750;78.00
TEMP;2834;30.00
FLUX;27015;76.00
PRES;562;82.00
VIBR;6349;43.00
VIBR;1179;67.00
PRES;18844;26.00
UMID;18306;33.00
VIBR;26909;27.00
PRES;30558;72.00
PRES;22248;81.00
UMID;16617;29.00
VIBR;16550;64.00
PRES;24553;3.00
UMID;7439;14.00
FLUX;2753;13.00
FLUX;14882;5.00
UMID;8961;97.00
FLUX;175;68.00
PRES;12905;9.00
PRES;17287;18.00
UMID;14612;41.00
TEMP;15092;42.00
TEMP;31956;68.00
PRES;15682;6.00
PRES;13022;76.00
FLUX;27516;70.00
VIBR;21589;8.00
TEMP;30132;43.00
PRES;858;75.00
TEMP;23660;96.00
TEMP;27049;39.00
FLUX;15601;26.00
PRES;15083;59.00
PRES;21714;89.00
TEMP;21573;67.00
UMID;3255;71.00
VIBR;8139;65.00
FLUX;5437;86.00
TEMP;15841;92.00
TEMP;172;84.00
UMID;20403;67.00
UMID;23195;32.00
UMID;25924;21.00
PRES;6876;29.00
VIBR;22219;66.00
UMID;850;58.00
FLUX;1105;81.00
FLUX;4210;47.00
PRES;26579;72.00
UMID;12961;90.00
PRES;25938;59.00
PRES;6836;94.00
TEMP;8594;44.00
UMID;3639;8.00
UMID;13187;24.00
FLUX;2116;43.00
FLUX;3455;96.00
PRES;29204;56.00
UMID;21218;63.00
UMID;2709;50.00
VIBR;17326;98.00
UMID;13983;45.00
UMID;19252;54.00
FLUX;31658;7.00
FLUX;24572;82.00
VIBR;25864;2.00
PRES;4699;32.00
PRES;6166;44.00
UMID;13437;72.00
VIBR;30176;32.00
TEMP;16854;18.00
UMID;26927;55.00
VIBR;25893;81.00
UMID;30198;85.00
FLUX;920;30.00
TEMP;23444;28.00
VIBR;22709;23.00
FLUX;11636;84.00
FLUX;16910;57.00
PRES;15842;93.00
FLUX;10985;13.00
TEMP;9529;85.00
TEMP;26474;49.00
UMID;9138;73.00
FLUX;3039;72.00
PRES;9848;82.00
VIBR;14388;95.00
PRES;26837;74.00
VIBR;14537;79.00
TEMP;4241;70.00
PRES;5395;49.00
TEMP;20691;71.00
PRES;31189;56.00
UMID;8494;8.00
FLUX;12248;42.00
VIBR;32416;69.00
VIBR;20828;56.00
TEMP;2721;52.00
UMID;32715;32.00
FLUX;16544;76.00
PRES;18506;67.00
UMID;29821;23.00
FLUX;313;15.00
PRES;27869;84.00
TEMP;973;88.00
PRES;17010;56.00
VIBR;3133;89.00
FLUX;18823;25.00
UMID;4160;76.00
TEMP;15725;11.00
VIBR;20174;55.00
TEMP;15787;89.00
TEMP;3417;81.00
TEMP;31472;23.00
TEMP;13833;94.00
VIBR;17975;12.00
FLUX;10130;17.00
PRES;7854;94.00
TEMP;21183;48.00
FLUX;27438;24.00
TEMP;2772;19.00
PRES;21098;9.00
PRES;1345;35.00
TEMP;12583;62.00
TEMP;14953;74.00
UMID;4113;33.00
TEMP;31851;34.00
VIBR;17163;23.00
PRES;31267;76.00
VIBR;6676;46.00
VIBR;21486;76.00
VIBR;20495;96.00
PRES;13513;56.00
PRES;15883;60.00
FLUX;24034;15.00
TEMP;23022;9.00
UMID;3010;99.00
FLUX;15751;30.00
FLUX;25483;14.00
PRES;28523;32.00
TEMP;31748;12.00
UMID;31031;15.00
VIBR;26986;20.00
FLUX;3846;77.00
FLUX;17469;11.00
FLUX;14909;14.00
TEMP;17030;90.00
VIBR;11773;79.00
FLUX;30787;95.00
FLUX;13778;63.00
PRES;32508;83.00
TEMP;8069;81.00
UMID;28089;11.00
UMID;10008;79.00
FLUX;452;12.00
TEMP;22601;54.00
UMID;28162;2.00
PRES;6974;87.00
PRES;18885;59.00
UMID;18979;11.00
FLUX;22890;13.00
PRES;19418;24.00
VIBR;14876;52.00
VIBR;21529;76.00
PRES;10130;30.00
PRES;9090;41.00
UMID;28072;16.00
VIBR;666;33.00
VIBR;28956;98.00
TEMP;18604;62.00
TEMP;25049;0.00
FLUX;7161;36.00
PRES;28311;75.00
PRES;19143;56.00
TEMP;1209;67.00
PRES;13609;94.00
VIBR;6317;74.00
UMID;19866;66.00
TEMP;29243;19.00
VIBR;19130;50.00
PRES;21898;11.00
VIBR;20187;22.00
FLUX;27842;1.00
UMID;6676;25.00
TEMP;24462;63.00
UMID;25106;87.00
FLUX;23796;82.00
VIBR;14066;93.00
TEMP;20791;81.00
PRES;32432;26.00
TEMP;25792;77.00
TEMP;6432;63.00
UMID;584;81.00
FLUX;15467;66.00
FLUX;20909;63.00
UMID;7800;99.00
FLUX;8766;9.00
UMID;6619;9.00
PRES;31333;89.00
UMID;15641;47.00
FLUX;15347;45.00
UMID;10586;12.00
FLUX;21376;92.00
VIBR;25066;3.00
TEMP;3731;69.00
FLUX;16408;83.00
UMID;18325;37.00
UMID;14158;3.00
PRES;26559;56.00
FLUX;892;25.00
TEMP;7806;7.00
FLUX;20520;16.00
TEMP;27392;27.00
FLUX;28866;65.00
UMID;32746;66.00
FLUX;29457;32.00
PRES;29294;87.00
VIBR;15057;41.00
PRES;23849;33.00
FLUX;472;65.00
TEMP;29856;44.00
FLUX;6749;54.00
PRES;20019;83.00
VIBR;14650;76.00
VIBR;7125;63.00
PRES;27709;21.00
FLUX;11769;61.00
FLUX;17634;99.00
PRES;31331;33.00
VIBR;14862;1.00
UMID;495;92.00
FLUX;25507;44.00
FLUX;2144;40.00
PRES;2312;41.00
UMID;30936;85.00
FLUX;6132;11.00
UMID;22159;86.00
PRES;2847;27.00
UMID;3284;9.00
TEMP;8364;66.00
UMID;8845;76.00
PRES;3677;9.00
UMID;5288;98.00
FLUX;13822;78.00
VIBR;14396;97.00
UMID;18047;99.00
PRES;20557;73.00
UMID;18102;38.00
VIBR;19566;3.00
FLUX;19661;90.00
UMID;15546;34.00
UMID;12725;71.00
PRES;15573;77.00
PRES;29246;68.00
FLUX;15093;70.00
PRES;14249;74.00
VIBR;24874;18.00
UMID;16331;72.00
PRES;22103;52.00
UMID;8465;10.00
UMID;22940;34.00
FLUX;16658;99.00
TEMP;13855;26.00
FLUX;21617;8.00
VIBR;1658;91.00
UMID;29999;12.00
PRES;1593;88.00
FLUX;22737;17.00
UMID;5412;46.00
TEMP;471;44.00
VIBR;25423;89.00
VIBR;122;1.00
TEMP;20014;66.00
VIBR;1205;5.00
FLUX;5649;21.00
VIBR;14324;85.00
PRES;4310;67.00
FLUX;7945;89.00
VIBR;10688;87.00
TEMP;13626;42.00
VIBR;10152;39.00
FLUX;6013;17.00
VIBR;10753;37.00
TEMP;831;23.00
FLUX;25199;30.00
FLUX;11850;47.00
TEMP;5087;61.00
UMID;9638;41.00
TEMP;8542;16.00
UMID;32651;7.00
FLUX;17952;81.00
TEMP;20668;89.00
PRES;15742;36.00
PRES;4064;13.00
VIBR;31949;18.00
UMID;29113;83.00
PRES;31322;10.00
VIBR;24390;29.00
VIBR;9211;28.00
UMID;823;53.00
TEMP;27881;89.00
TEMP;7734;75.00
UMID;3550;53.00
UMID;27122;25.00
TEMP;955;30.00
FLUX;24827;34.00
TEMP;22544;15.00
PRES;21953;91.00
FLUX;7271;3.00
FLUX;27992;81.00
FLUX;3102;4.00
PRES;25301;5.00
FLUX;21043;95.00
TEMP;32346;38.00
TEMP;18260;73.00
VIBR;30512;77.00
PRES;29189;69.00
FLUX;6777;91.00
FLUX;30153;49.00
PRES;6247;57.00
VIBR;16265;96.00
TEMP;22518;19.00
TEMP;27820;19.00
TEMP;13723;64.00
UMID;30627;19.00
VIBR;11120;67.00
VIBR;28624;28.00
TEMP;8628;12.00
PRES;15383;21.00
VIBR;7366;60.00
FLUX;28278;78.00
TEMP;14816;30.00
VIBR;21622;79.00
PRES;32308;11.00
VIBR;857;42.00
VIBR;29771;82.00
FLUX;28747;44.00
VIBR;424;91.00
TEMP;1023;6.00
UMID;21279;0.00
UMID;22150;0.00
VIBR;18533;13.00
UMID;11070;47.00
VIBR;30654;83.00
VIBR;11815;16.00
VIBR;18651;14.00
TEMP;11020;59.00
FLUX;21054;0.00
PRES;19503;24.00
PRES;9925;21.00
PRES;12683;21.00
UMID;10533;29.00
UMID;12995;38.00
FLUX;22915;67.00
VIBR;11603;79.00
PRES;30054;43.00
VIBR;11682;55.00
TEMP;15544;8.00
UMID;23810;86.00
TEMP;20123;96.00
UMID;14281;53.00
UMID;26407;82.00
TEMP;30209;98.00
TEMP;25474;9.00
PRES;5731;8.00
UMID;25546;32.00
FLUX;28312;28.00
TEMP;15037;44.00
VIBR;21750;60.00
FLUX;10548;36.00
PRES;14132;99.00
PRES;14277;26.00
UMID;3787;37.00
TEMP;27432;41.00
PRES;28407;80.00
FLUX;8239;56.00
VIBR;12701;48.00
VIBR;8825;0.00
TEMP;24448;26.00
VIBR;7459;73.00
UMID;9605;78.00
TEMP;26404;8.00
TEMP;19452;34.00
TEMP;29977;94.00
PRES;1573;66.00
TEMP;30891;15.00
VIBR;24429;60.00
PRES;31189;45.00
TEMP;22803;37.00
VIBR;4275;64.00
PRES;17977;81.00
UMID;26276;68.00
TEMP;28040;40.00
UMID;23520;38.00
FLUX;16117;23.00
UMID;10967;23.00
VIBR;20809;88.00
PRES;13552;39.00
TEMP;11890;46.00
UMID;23680;11.00
FLUX;1748;6.00
UMID;32278;69.00
PRES;776;52.00
FLUX;20331;95.00
PRES;26830;24.00
TEMP;13464;71.00
FLUX;29474;92.00
TEMP;3167;3.00
PRES;26284;16.00
VIBR;6827;60.00
UMID;25354;87.00
FLUX;9366;52.00
TEMP;1696;75.00
PRES;5006;12.00
UMID;32245;76.00
UMID;7545;48.00
PRES;22726;77.00
FLUX;3557;32.00
TEMP;20049;8.00
UMID;28832;35.00
TEMP;18319;83.00
TEMP;6231;91.00
PRES;24910;40.00
VIBR;23560;50.00
UMID;29037;28.00
VIBR;31850;41.00
VIBR;16810;9.00
PRES;32406;50.00
FLUX;30655;24.00
PRES;31645;51.00
VIBR;21953;37.00
PRES;31948;42.00
PRES;28414;78.00
TEMP;2758;59.00
PRES;27859;1.00
TEMP;10697;9.00
TEMP;23592;56.00
FLUX;10158;69.00
FLUX;1943;43.00
FLUX;28806;66.00
UMID;27501;85.00
TEMP;9450;59.00
FLUX;10240;73.00
FLUX;31055;41.00
PRES;19479;79.00
TEMP;2044;46.00
PRES;13391;98.00
UMID;18303;19.00
VIBR;23999;5.00
FLUX;21930;85.00
VIBR;14681;19.00
PRES;19327;58.00
VIBR;6829;38.00
VIBR;26781;26.00
FLUX;6169;85.00
PRES;9472;30.00
FLUX;27535;67.00
UMID;11836;42.00
PRES;27256;62.00
PRES;4471;51.00
UMID;20573;42.00
FLUX;26058;72.00
TEMP;11099;68.00
VIBR;17113;62.00
FLUX;2699;52.00
VIBR;15806;77.00
PRES;28141;34.00
VIBR;6808;50.00
VIBR;13424;57.00
PRES;27489;79.00
TEMP;12334;20.00
FLUX;1244;75.00
FLUX;29174;57.00
TEMP;6318;64.00
TEMP;5307;61.00
FLUX;28678;52.00
PRES;9859;14.00
PRES;17510;8.00
FLUX;4064;52.00
PRES;7265;59.00
PRES;23590;27.00
FLUX;28785;18.00
TEMP;21467;39.00
PRES;16426;31.00
FLUX;18437;35.00
UMID;14972;28.00
PRES;2161;40.00
TEMP;15299;90.00
TEMP;6150;83.00
TEMP;15055;61.00
FLUX;6582;99.00
TEMP;23090;93.00
PRES;30140;28.00
FLUX;17774;62.00
VIBR;10776;8.00
FLUX;23007;55.00
VIBR;27284;76.00
FLUX;26995;31.00
PRES;29613;86.00
UMID;14734;78.00
UMID;4415;3.00
VIBR;19114;71.00
VIBR;9406;48.00
UMID;1434;27.00
VIBR;16481;46.00
UMID;12654;15.00
TEMP;915;79.00
TEMP;8563;77.00
FLUX;6779;60.00
PRES;27843;53.00
VIBR;25984;91.00
FLUX;18777;15.00
PRES;12053;63.00
UMID;25267;4.00
VIBR;17712;25.00
PRES;18521;21.00
PRES;6448;64.00
FLUX;27373;5.00
PRES;1072;26.00
UMID;7816;40.00
UMID;18155;6.00
TEMP;20378;86.00
TEMP;9150;23.00
VIBR;4991;58.00
VIBR;22131;92.00
UMID;4226;34.00
TEMP;210;57.00
VIBR;28950;1.00
UMID;13359;3.00
UMID;17504;34.00
VIBR;24429;41.00
PRES;25188;31.00
VIBR;26156;66.00
FLUX;13441;67.00
VIBR;20769;78.00
VIBR;13046;14.00
TEMP;12485;70.00
PRES;3747;53.00
UMID;17120;2.00
UMID;27214;19.00
PRES;151;89.00
VIBR;18699;50.00
VIBR;15881;31.00
VIBR;32670;1.00
VIBR;17828;70.00
VIBR;5352;58.00
TEMP;10415;56.00
VIBR;8645;39.00
FLUX;11205;39.00
VIBR;31463;25.00
TEMP;4396;63.00
UMID;20361;50.00
FLUX;23637;10.00
FLUX;32278;78.00
PRES;20710;16.00
TEMP;15382;4.00
PRES;13594;32.00
PRES;24829;19.00
TEMP;4704;82.00
UMID;15287;40.00
VIBR;8310;63.00
FLUX;26874;33.00
FLUX;1667;0.00
VIBR;13522;91.00
UMID;31439;70.00
UMID;15325;38.00
UMID;21805;67.00
TEMP;20777;19.00
TEMP;12603;23.00
TEMP;13252;88.00
TEMP;5370;23.00
TEMP;27471;27.00
TEMP;1391;61.00
VIBR;17720;25.00
UMID;22097;88.00
UMID;29800;83.00
VIBR;8938;14.00
UMID;21383;96.00
PRES;3506;53.00
PRES;20004;72.00
VIBR;29020;67.00
TEMP;3939;37.00
UMID;26942;38.00
TEMP;21757;18.00
PRES;20572;41.00
VIBR;15291;68.00
TEMP;23943;46.00
PRES;5807;36.00
VIBR;10314;7.00
UMID;29912;2.00
PRES;30105;79.00
TEMP;28920;7.00
UMID;31873;26.00
VIBR;21948;44.00
FLUX;12872;47.00
UMID;5265;88.00
TEMP;27328;99.00
PRES;6071;49.00
FLUX;1211;31.00
TEMP;10348;56.00
FLUX;17370;4.00
FLUX;2122;71.00
VIBR;12344;81.00
PRES;2350;93.00
VIBR;10652;64.00
UMID;28991;89.00
PRES;7985;40.00
TEMP;24815;97.00
FLUX;24063;37.00
TEMP;20232;2.00
PRES;30607;95.00
VIBR;4912;21.00
PRES;12174;7.00
VIBR;29016;81.00
UMID;31294;36.00
FLUX;14620;40.00
UMID;12056;89.00
UMID;25088;84.00
FLUX;31225;94.00
PRES;10754;2.00
FLUX;6810;96.00
VIBR;11787;54.00
VIBR;30038;82.00
PRES;19474;32.00
PRES;10598;66.00
VIBR;27932;24.00
PRES;8212;77.00
UMID;10583;24.00
TEMP;9624;98.00
PRES;8966;11.00
UMID;26531;57.00
PRES;1269;67.00
FLUX;32442;89.00
VIBR;22444;47.00
FLUX;16115;33.00
PRES;27811;89.00
VIBR;16821;38.00
PRES;283;75.00
PRES;15745;38.00
PRES;618;37.00
FLUX;8699;81.00
PRES;7141;33.00
PRES;23968;68.00
FLUX;31391;98.00
PRES;32754;17.00
FLUX;3519;43.00
UMID;26116;40.00
FLUX;2590;38.00
FLUX;6306;13.00
TEMP;11869;67.00
TEMP;19091;92.00
FLUX;16584;61.00
UMID;19106;5.00
PRES;4749;99.00
FLUX;4207;84.00
VIBR;3134;41.00
VIBR;7231;37.00
UMID;30098;28.00
UMID;318;7.00
PRES;24286;52.00
TEMP;28398;93.00
UMID;23747;24.00
TEMP;14780;25.00
UMID;14077;21.00
FLUX;3060;26.00
FLUX;20835;74.00
PRES;24452;18.00
UMID;615;62.00
VIBR;30291;88.00
FLUX;19650;97.00
TEMP;2585;92.00
VIBR;6675;26.00
VIBR;11766;72.00
UMID;12947;48.00
VIBR;11067;76.00
UMID;21035;23.00
UMID;20512;4.00
TEMP;30096;69.00
FLUX;615;35.00
UMID;23099;63.00
FLUX;16658;49.00
FLUX;16972;84.00
VIBR;26543;51.00
UMID;27063;87.00
FLUX;19194;97.00
UMID;19543;49.00
PRES;31164;16.00
TEMP;29874;19.00
TEMP;24099;94.00
FLUX;6551;84.00
UMID;31520;32.00
UMID;25820;31.00
UMID;24154;77.00
UMID;26597;77.00
FLUX;27360;89.00
VIBR;4797;82.00
VIBR;10655;3.00
PRES;2278;75.00
UMID;9280;57.00
UMID;31536;42.00
VIBR;17420;0.00
TEMP;20524;97.00
VIBR;4561;14.00
PRES;27938;79.00
VIBR;21769;37.00
UMID;28557;76.00
VIBR;16312;76.00
UMID;11146;0.00
VIBR;25009;36.00
VIBR;24002;22.00
UMID;22849;1.00
TEMP;16299;90.00
PRES;28798;5.00
TEMP;9026;47.00
TEMP;23971;36.00
TEMP;30600;94.00
VIBR;571;56.00
UMID;10592;69.00
FLUX;6164;3.00
VIBR;19624;50.00
TEMP;3115;4.00
TEMP;26531;89.00
TEMP;10000;97.00
UMID;12043;71.00
FLUX;24437;63.00
PRES;2917;8.00
TEMP;7909;26.00
UMID;28780;9.00
TEMP;10707;16.00
UMID;30126;42.00
PRES;4994;54.00
TEMP;19383;31.00
FLUX;31610;23.00
VIBR;11090;31.00
TEMP;5504;82.00
TEMP;17613;77.00
VIBR;32332;75.00
VIBR;4937;79.00
TEMP;28273;36.00
PRES;23670;4.00
VIBR;19003;73.00
TEMP;8013;19.00
FLUX;10344;53.00
VIBR;21670;28.00
PRES;768;33.00
UMID;15034;32.00
VIBR;11464;54.00
TEMP;244;43.00
TEMP;11005;94.00
VIBR;7073;74.00
PRES;1617;8.00
PRES;24407;5.00
PRES;22382;73.00
TEMP;21037;42.00
FLUX;4711;29.00
PRES;29986;54.00
VIBR;12758;85.00
PRES;12858;11.00
PRES;11684;19.00
FLUX;11329;24.00
TEMP;29352;69.00
FLUX;29491;40.00
TEMP;10145;92.00
VIBR;11445;82.00
UMID;16693;66.00
PRES;8748;73.00
VIBR;2560;37.00
UMID;28237;24.00
FLUX;9429;32.00
VIBR;16959;95.00
VIBR;32444;75.00
UMID;32422;96.00
TEMP;29529;95.00
PRES;14123;62.00
VIBR;25013;71.00
PRES;14180;45.00
UMID;26799;21.00
TEMP;22058;56.00
FLUX;18806;2.00
TEMP;24753;42.00
PRES;21462;79.00
UMID;14609;36.00
PRES;4937;89.00
TEMP;31734;93.00
TEMP;1284;80.00
FLUX;12206;79.00
FLUX;15997;73.00
PRES;13017;45.00
FLUX;26901;41.00
FLUX;27485;98.00
PRES;8949;14.00
PRES;9846;73.00
UMID;32311;74.00
VIBR;16620;68.00
UMID;20212;7.00
UMID;6880;55.00
PRES;3539;56.00
PRES;7345;57.00
PRES;6183;21.00
VIBR;15066;92.00
PRES;22462;59.00
VIBR;1256;96.00
UMID;11251;94.00
VIBR;28626;44.00
FLUX;6816;10.00
TEMP;18002;41.00
UMID;11008;0.00
PRES;2589;37.00
UMID;9635;69.00
TEMP;9994;2.00
TEMP;7173;87.00
TEMP;13689;39.00
PRES;24416;67.00
FLUX;15273;12.00
TEMP;16853;2.00
VIBR;30143;11.00
PRES;28166;45.00
FLUX;15005;41.00
FLUX;8361;85.00
PRES;10215;84.00
TEMP;27851;13.00
FLUX;27078;36.00
FLUX;16048;87.00
VIBR;17218;69.00
FLUX;23191;15.00
TEMP;594;94.00
TEMP;27604;16.00
PRES;22258;90.00
FLUX;11758;44.00
VIBR;9946;67.00
TEMP;7374;42.00
FLUX;32684;40.00
TEMP;14878;44.00
FLUX;18364;52.00
PRES;9580;8.00
TEMP;20913;60.00
FLUX;20906;82.00
FLUX;4538;32.00
VIBR;24096;20.00
PRES;29450;27.00
PRES;20981;82.00
TEMP;17107;59.00
UMID;204;2.00
VIBR;25091;98.00
PRES;1074;42.00
TEMP;353;77.00
UMID;18637;4.00
VIBR;9193;53.00
UMID;32651;64.00
TEMP;4467;2.00
FLUX;8773;8.00
FLUX;22534;23.00
VIBR;30863;11.00
FLUX;1132;9.00
VIBR;29868;51.00
TEMP;27357;48.00
PRES;10721;16.00
TEMP;16092;59.00
PRES;21657;51.00
TEMP;26018;38.00
VIBR;16926;12.00
TEMP;28830;1.00
VIBR;10444;40.00
FLUX;5628;62.00
TEMP;782;19.00
VIBR;23346;45.00
FLUX;3712;50.00
FLUX;2557;36.00
VIBR;32270;63.00
UMID;604;29.00
VIBR;2287;38.00
TEMP;7265;68.00
PRES;6588;38.00
TEMP;8957;50.00
VIBR;18469;51.00
TEMP;3334;58.00
TEMP;19684;8.00
UMID;3120;27.00
FLUX;4872;87.00
UMID;25004;7.00
UMID;15019;37.00
PRES;13992;76.00
UMID;8359;30.00
TEMP;2797;94.00
UMID;7161;2.00
PRES;13896;25.00
UMID;27842;81.00
TEMP;2431;78.00
VIBR;8747;45.00
TEMP;25091;38.00
UMID;21403;27.00
UMID;4007;96.00
TEMP;16121;59.00
UMID;19958;21.00
PRES;251;18.00
TEMP;23296;76.00
FLUX;32165;24.00
UMID;29635;87.00
UMID;32390;36.00
UMID;17005;75.00
TEMP;22884;34.00
VIBR;9519;51.00
TEMP;27971;31.00
FLUX;13404;9.00
PRES;15633;22.00
PRES;9471;35.00
UMID;13926;25.00
TEMP;8508;4.00
TEMP;6159;98.00
TEMP;526;15.00
TEMP;16224;2.00
FLUX;3648;23.00
UMID;13438;8.00
TEMP;4275;47.00
FLUX;27944;93.00
FLUX;19540;36.00
PRES;15010;42.00
PRES;7761;41.00
PRES;715;87.00
PRES;3936;87.00
VIBR;3471;75.00
TEMP;15166;43.00
FLUX;10033;41.00
PRES;25019;37.00
UMID;27929;76.00
PRES;14041;67.00
FLUX;7729;48.00
PRES;12274;95.00
PRES;2299;71.00
UMID;10726;28.00
FLUX;216;61.00
UMID;26809;59.00
UMID;28997;61.00
UMID;11052;95.00
PRES;245;7.00
FLUX;27953;56.00
TEMP;4106;31.00
PRES;2641;46.00
UMID;1000;96.00
VIBR;19804;0.00
FLUX;6218;62.00
VIBR;11509;8.00
FLUX;8363;38.00
VIBR;3293;47.00
UMID;5661;25.00
VIBR;27148;30.00
FLUX;19744;14.00
FLUX;27635;6.00
FLUX;3105;11.00
TEMP;32640;68.00
TEMP;18077;42.00
FLUX;28856;62.00
VIBR;18981;52.00
UMID;32262;91.00
FLUX;436;5.00
VIBR;11413;46.00
UMID;26901;13.00
TEMP;18240;1.00
PRES;11591;99.00
TEMP;31240;31.00
FLUX;6184;81.00
VIBR;31252;22.00
FLUX;5324;37.00
UMID;11930;46.00
FLUX;10056;37.00
TEMP;26955;87.00
UMID;28125;41.00
PRES;32026;13.00
FLUX;31425;31.00
TEMP;30829;48.00
VIBR;23810;50.00
VIBR;1054;54.00
PRES;21549;81.00
PRES;31450;94.00
TEMP;15810;46.00
PRES;17595;17.00
UMID;7327;80.00
FLUX;28972;81.00
FLUX;31207;0.00
UMID;32131;0.00
PRES;7182;80.00
FLUX;16588;38.00
VIBR;31760;52.00
TEMP;9663;56.00
PRES;18947;98.00
PRES;16851;65.00
UMID;2429;14.00
FLUX;1261;22.00
FLUX;9094;45.00
FLUX;16163;73.00
PRES;3861;43.00
TEMP;8828;84.00
UMID;12869;44.00
PRES;17604;60.00
UMID;11707;93.00
FLUX;2502;73.00
UMID;12549;15.00
VIBR;22659;97.00
VIBR;4562;69.00
PRES;7757;78.00
VIBR;31054;96.00
VIBR;30920;80.00
PRES;25102;88.00
UMID;31802;18.00
FLUX;9809;56.00
TEMP;32184;18.00
TEMP;20861;79.00
TEMP;8466;35.00
PRES;6428;70.00
FLUX;14475;92.00
TEMP;8404;1.00
UMID;22714;30.00
UMID;18945;47.00
TEMP;27950;72.00
PRES;6910;57.00
PRES;10925;81.00
TEMP;4931;75.00
FLUX;540;53.00
VIBR;22754;44.00
VIBR;17275;72.00
FLUX;24835;0.00
TEMP;633;18.00
TEMP;22643;43.00
UMID;5765;21.00
FLUX;29289;33.00
UMID;20079;67.00
FLUX;13053;5.00
VIBR;13302;24.00
VIBR;6165;65.00
FLUX;5581;92.00
TEMP;32430;32.00
VIBR;3844;77.00
FLUX;7111;8.00
VIBR;30941;46.00
FLUX;10082;33.00
VIBR;12392;23.00
TEMP;15693;77.00
PRES;27525;38.00
VIBR;19123;53.00
FLUX;4378;30.00
FLUX;28845;65.00
TEMP;13984;92.00
TEMP;25409;53.00
PRES;6481;48.00
PRES;18835;63.00
PRES;13214;37.00
FLUX;20285;61.00
UMID;32698;9.00
VIBR;16381;53.00
UMID;7770;48.00
UMID;32315;24.00
TEMP;1271;15.00
TEMP;14884;34.00
TEMP;6458;93.00
FLUX;21049;68.00
FLUX;18266;3.00
TEMP;1964;53.00
VIBR;16269;74.00
PRES;32746;0.00
VIBR;10978;58.00
TEMP;14863;21.00
PRES;25120;49.00
FLUX;31303;34.00
FLUX;4470;99.00
TEMP;1606;93.00
PRES;18978;23.00
TEMP;13656;15.00
UMID;24416;78.00
UMID;7097;98.00
UMID;7737;41.00
PRES;19518;19.00
PRES;2060;25.00
VIBR;7273;79.00
UMID;17892;12.00
PRES;22148;41.00
TEMP;7936;21.00
FLUX;8795;5.00
VIBR;26387;25.00
TEMP;30886;67.00
UMID;10526;44.00
UMID;32327;7.00
FLUX;23044;8.00
PRES;31714;26.00
FLUX;10777;84.00
PRES;7041;91.00
VIBR;12128;37.00
VIBR;31038;17.00
VIBR;10805;82.00
VIBR;13607;54.00
UMID;9365;13.00
FLUX;25561;19.00
FLUX;12355;12.00
FLUX;18571;38.00
FLUX;8821;70.00
VIBR;32374;42.00
FLUX;27611;61.00
FLUX;28899;78.00
TEMP;8719;58.00
FLUX;2118;50.00
FLUX;3034;3.00
TEMP;6190;58.00
VIBR;5069;24.00
FLUX;11508;57.00
VIBR;32030;74.00
FLUX;10600;62.00
UMID;9422;84.00
UMID;1014;61.00
TEMP;3456;95.00
FLUX;12274;39.00
TEMP;32390;48.00
VIBR;11025;11.00
PRES;12050;81.00
PRES;4155;88.00
FLUX;23699;36.00
FLUX;18477;77.00
VIBR;22425;55.00
TEMP;17843;40.00
PRES;5344;46.00
FLUX;32347;87.00
VIBR;14413;42.00
PRES;20977;26.00
TEMP;28160;53.00
TEMP;8740;17.00
UMID;18895;7.00
TEMP;18722;59.00
TEMP;24515;42.00
TEMP;14611;61.00
FLUX;26731;36.00
PRES;10164;66.00
VIBR;6685;99.00
TEMP;4228;39.00
FLUX;31886;98.00
UMID;23875;52.00
TEMP;28217;77.00
TEMP;30638;49.00
TEMP;27529;55.00
UMID;14531;12.00
PRES;30167;81.00
PRES;26863;64.00
TEMP;19591;88.00
FLUX;8687;22.00
UMID;5358;3.00
FLUX;11862;26.00
PRES;7628;45.00
PRES;19440;86.00
VIBR;12670;61.00
VIBR;19830;14.00
FLUX;30256;16.00
TEMP;19793;75.00
VIBR;15797;68.00
VIBR;18024;9.00
TEMP;28378;95.00
TEMP;18722;99.00
UMID;28741;64.00
UMID;29217;71.00
PRES;16704;33.00
UMID;5483;58.00
UMID;18179;74.00
PRES;3062;22.00
PRES;21853;67.00
PRES;2771;39.00
VIBR;12228;99.00
VIBR;12908;62.00
VIBR;15412;71.00
VIBR;27024;70.00
FLUX;29556;75.00
TEMP;27460;72.00
TEMP;21126;45.00
UMID;32657;91.00
PRES;16247;10.00
VIBR;30406;79.00
PRES;1999;37.00
UMID;31722;6.00
UMID;26948;73.00
TEMP;32333;48.00
FLUX;1414;56.00
UMID;7039;68.00
VIBR;18494;89.00
FLUX;27155;60.00
FLUX;12948;31.00
VIBR;6899;45.00
PRES;16853;72.00
TEMP;27197;12.00
TEMP;20244;12.00
VIBR;6611;11.00
UMID;25565;60.00
FLUX;32553;33.00
UMID;9292;30.00
VIBR;23294;26.00
PRES;10541;57.00
UMID;3318;94.00
FLUX;1260;52.00
VIBR;3671;80.00
VIBR;17531;13.00
PRES;18005;14.00
PRES;6533;46.00
PRES;4014;59.00
VIBR;3446;78.00
VIBR;31374;9.00
TEMP;13643;12.00
PRES;18154;45.00
PRES;27685;47.00
TEMP;4821;53.00
TEMP;12047;53.00
PRES;5499;28.00
TEMP;24191;95.00
TEMP;19149;8.00
VIBR;31350;62.00
VIBR;31999;6.00
VIBR;29770;59.00
VIBR;28765;20.00
TEMP;32126;11.00
TEMP;27442;27.00
UMID;23864;77.00
VIBR;14002;24.00
FLUX;24115;27.00
UMID;22299;40.00
FLUX;25919;49.00
FLUX;26772;6.00
TEMP;17581;84.00
PRES;7028;15.00
TEMP;31544;71.00
TEMP;1517;40.00
UMID;19789;53.00
VIBR;14937;81.00
VIBR;7611;33.00
FLUX;6294;75.00
TEMP;10039;86.00
UMID;30260;87.00
VIBR;19001;35.00
FLUX;19556;33.00
TEMP;6930;88.00
UMID;27623;53.00
UMID;19034;41.00
UMID;5746;47.00
VIBR;30206;26.00
VIBR;6715;50.00
TEMP;31640;92.00
TEMP;30640;39.00
PRES;5334;71.00
TEMP;648;44.00
TEMP;27931;83.00
UMID;9899;46.00
PRES;2983;45.00
VIBR;20133;15.00
UMID;28631;91.00
TEMP;11422;4.00
PRES;9583;2.00
PRES;10258;72.00
FLUX;29924;82.00
TEMP;16825;47.00
FLUX;14362;57.00
VIBR;11363;33.00
UMID;22045;16.00
TEMP;29873;25.00
UMID;2233;60.00
PRES;10992;42.00
VIBR;25851;88.00
FLUX;27016;7.00
TEMP;15364;4.00
FLUX;6074;82.00
UMID;23475;45.00
TEMP;15261;91.00
VIBR;3858;32.00
PRES;24479;70.00
PRES;3213;39.00
FLUX;20214;72.00
TEMP;21590;58.00
PRES;2497;94.00
TEMP;27526;40.00
FLUX;7372;68.00
PRES;28892;54.00
VIBR;21042;70.00
FLUX;20009;74.00
UMID;18263;41.00
VIBR;21957;1.00
FLUX;10724;67.00
TEMP;32170;75.00
TEMP;219;13.00
PRES;12800;94.00
TEMP;18385;66.00
UMID;30531;7.00
FLUX;4594;87.00
UMID;22602;91.00
VIBR;14182;12.00
PRES;30419;81.00
UMID;2843;13.00
TEMP;5480;58.00
PRES;4148;39.00
TEMP;10164;41.00
FLUX;28035;84.00
VIBR;29346;56.00
UMID;17112;60.00
UMID;6108;28.00
VIBR;22290;89.00
VIBR;8322;34.00
VIBR;10026;30.00
UMID;18743;61.00
VIBR;32185;21.00
FLUX;1486;26.00
PRES;14245;70.00
FLUX;32066;3.00
VIBR;1530;28.00
FLUX;11970;77.00
PRES;9750;80.00
UMID;5867;79.00
UMID;183;22.00
PRES;6290;23.00
TEMP;13704;29.00
UMID;11944;8.00
FLUX;7231;42.00
UMID;5407;55.00
UMID;1390;90.00
PRES;13525;48.00
TEMP;21653;79.00
FLUX;17143;0.00
UMID;14866;8.00
FLUX;15955;69.00
VIBR;12035;99.00
UMID;21906;26.00
TEMP;11837;84.00
FLUX;22365;60.00
FLUX;19678;66.00
TEMP;10699;42.00
PRES;6695;29.00
UMID;30893;25.00
UMID;24987;3.00
VIBR;25244;72.00
TEMP;23457;0.00
VIBR;31439;99.00
FLUX;22546;38.00
TEMP;2590;58.00
FLUX;19328;48.00
TEMP;9156;62.00
TEMP;13073;78.00
VIBR;29375;98.00
FLUX;19531;6.00
FLUX;10970;54.00
PRES;29988;56.00
UMID;21700;67.00
FLUX;32296;71.00
UMID;20170;90.00
VIBR;7075;16.00
FLUX;25602;96.00
FLUX;17412;16.00
FLUX;23058;62.00
FLUX;30971;90.00
VIBR;23000;85.00
PRES;1537;37.00
FLUX;12692;41.00
VIBR;31296;12.00
VIBR;12144;6.00
TEMP;23844;34.00
FLUX;18799;17.00
FLUX;9203;30.00
PRES;1077;41.00
VIBR;5182;89.00
UMID;7197;63.00
FLUX;21008;6.00
PRES;27799;59.00
VIBR;10778;92.00
FLUX;32718;10.00
FLUX;1883;78.00
PRES;9469;54.00
TEMP;16617;51.00
FLUX;30211;88.00
PRES;22507;47.00
UMID;25867;74.00
FLUX;9962;25.00
TEMP;20845;20.00
FLUX;15094;59.00
PRES;20245;32.00
TEMP;25692;20.00
TEMP;19975;10.00
VIBR;20446;22.00
VIBR;14306;95.00
FLUX;31400;60.00
VIBR;30577;76.00
VIBR;25212;1.00
PRES;17061;85.00
TEMP;16586;67.00
FLUX;31119;39.00
FLUX;15020;43.00
TEMP;3384;64.00
PRES;2304;15.00
VIBR;14178;21.00
VIBR;792;95.00
VIBR;26778;11.00
PRES;31670;97.00
TEMP;17445;22.00
UMID;21321;70.00
TEMP;22955;99.00
PRES;21424;58.00
TEMP;6827;57.00
PRES;10474;81.00
VIBR;24101;30.00
PRES;26488;30.00
VIBR;12024;1.00
VIBR;23646;95.00
VIBR;12766;89.00
TEMP;11273;19.00
TEMP;13853;68.00
FLUX;23685;97.00
PRES;4156;36.00
VIBR;7357;59.00
FLUX;16472;39.00
UMID;15818;17.00
FLUX;11768;50.00
UMID;13428;10.00
UMID;363;54.00
VIBR;26736;75.00
PRES;26390;22.00
TEMP;25605;27.00
VIBR;25404;33.00
VIBR;29213;53.00
VIBR;23843;34.00
VIBR;12777;0.00
UMID;16045;79.00
VIBR;28326;71.00
FLUX;433;18.00
TEMP;28453;95.00
FLUX;22205;67.00
TEMP;17437;66.00
UMID;18704;27.00
UMID;11640;90.00
PRES;29151;41.00
PRES;19992;5.00
PRES;333;41.00
FLUX;25285;91.00
PRES;11674;78.00
PRES;23619;13.00
FLUX;2416;50.00
VIBR;26051;45.00
FLUX;26721;30.00
UMID;22568;80.00
VIBR;25841;65.00
UMID;12258;34.00
PRES;23988;69.00
TEMP;7741;89.00
TEMP;26490;30.00
FLUX;4223;62.00
UMID;20599;97.00
TEMP;22062;61.00
FLUX;29923;58.00
TEMP;15691;3.00
UMID;24466;7.00
UMID;22124;65.00
UMID;4458;5.00
UMID;27640;98.00
TEMP;24777;8.00
VIBR;24309;43.00
PRES;15922;43.00
FLUX;24869;92.00
PRES;24028;17.00
UMID;14181;99.00
PRES;24062;69.00
VIBR;8332;21.00
PRES;4066;60.00
UMID;31805;52.00
UMID;7726;60.00
UMID;10857;65.00
FLUX;29922;46.00
TEMP;10098;57.00
UMID;8185;35.00
PRES;29229;0.00
TEMP;23474;3.00
UMID;8249;40.00
PRES;24043;24.00
TEMP;31331;8.00
FLUX;532;81.00
PRES;24080;57.00
FLUX;2466;23.00
FLUX;16865;88.00
FLUX;8462;75.00
UMID;27408;55.00
TEMP;24004;70.00
PRES;28211;4.00
VIBR;905;31.00
TEMP;20849;4.00
VIBR;8259;32.00
PRES;24388;27.00
PRES;813;23.00
TEMP;16477;17.00
TEMP;20693;10.00
FLUX;6222;13.00
VIBR;1915;12.00
PRES;29689;4.00
VIBR;16301;83.00
UMID;10755;25.00
VIBR;25387;89.00
FLUX;11441;42.00
VIBR;2174;35.00
TEMP;2555;8.00
TEMP;11207;89.00
FLUX;16835;53.00
VIBR;11697;74.00
UMID;865;22.00
VIBR;26504;54.00
VIBR;6926;22.00
TEMP;20452;56.00
VIBR;11481;37.00
PRES;11632;6.00
UMID;7707;5.00
FLUX;15782;84.00
FLUX;4019;97.00
VIBR;5032;63.00
VIBR;23148;0.00
TEMP;22385;46.00
VIBR;27733;63.00
VIBR;2075;31.00
VIBR;259;26.00
VIBR;1000;30.00
TEMP;18405;77.00
PRES;28498;44.00
FLUX;29494;77.00
VIBR;12370;22.00
TEMP;12086;44.00
UMID;9617;45.00
UMID;29873;82.00
PRES;6485;86.00
TEMP;23285;15.00
FLUX;15923;1.00
PRES;19659;80.00
UMID;22518;26.00
FLUX;8468;96.00
UMID;7490;72.00
TEMP;25357;55.00
FLUX;28368;64.00
TEMP;24437;25.00
PRES;18266;23.00
PRES;8960;86.00
FLUX;21395;59.00
FLUX;19418;37.00
VIBR;959;96.00
TEMP;13110;18.00
VIBR;12480;63.00
UMID;21772;39.00
FLUX;11452;34.00
VIBR;19355;57.00
VIBR;23459;50.00
PRES;330;38.00
TEMP;19005;51.00
PRES;14076;86.00
FLUX;14992;74.00
PRES;30196;82.00
FLUX;21167;95.00
FLUX;19415;26.00
UMID;5985;29.00
UMID;5239;95.00
TEMP;11799;27.00
UMID;26725;1.00
UMID;6702;90.00
UMID;22651;79.00
PRES;22385;42.00
VIBR;15845;81.00
FLUX;26702;69.00
FLUX;25419;1.00
FLUX;14411;18.00
TEMP;30506;83.00
VIBR;9102;60.00
UMID;24708;24.00
PRES;6817;19.00
FLUX;1639;7.00
UMID;17840;31.00
VIBR;12289;44.00
FLUX;19706;91.00
VIBR;9785;48.00
TEMP;5159;34.00
TEMP;261;39.00
UMID;21698;70.00
FLUX;23028;69.00
FLUX;10256;93.00
UMID;19113;43.00
FLUX;19178;89.00
VIBR;31026;37.00
VIBR;18035;69.00
UMID;19848;48.00
PRES;16061;1.00
PRES;4761;49.00
TEMP;1210;85.00
UMID;2729;64.00
FLUX;15109;22.00
VIBR;12780;60.00
FLUX;30064;70.00
FLUX;23468;82.00
UMID;18782;91.00
FLUX;21845;14.00
PRES;22847;15.00
UMID;6200;47.00
FLUX;4057;67.00
PRES;7664;26.00
VIBR;4132;52.00
PRES;29859;14.00
PRES;25812;16.00
TEMP;1946;77.00
PRES;18163;21.00
VIBR;1507;54.00
VIBR;29976;48.00
PRES;13307;42.00
TEMP;7443;70.00
VIBR;5812;34.00
UMID;22579;86.00
UMID;5329;25.00
PRES;15985;97.00
FLUX;14858;84.00
VIBR;12055;63.00
PRES;382;98.00
VIBR;11720;15.00
FLUX;18105;54.00
VIBR;10484;93.00
PRES;980;10.00
FLUX;15125;31.00
FLUX;10338;77.00
UMID;2642;50.00
PRES;26656;23.00
TEMP;25172;60.00
VIBR;12704;90.00
TEMP;4721;36.00
PRES;23668;95.00
FLUX;3711;25.00
PRES;23411;54.00
VIBR;23268;48.00
UMID;11064;67.00
PRES;31944;83.00
FLUX;7660;97.00
VIBR;3436;33.00
PRES;23795;38.00
FLUX;15381;57.00
PRES;19994;19.00
PRES;3090;46.00
TEMP;19797;81.00
FLUX;1211;71.00
VIBR;11571;58.00
TEMP;26503;3.00
PRES;32648;68.00
VIBR;25727;96.00
PRES;5382;23.00
VIBR;16319;76.00
FLUX;15800;21.00
TEMP;31433;72.00
VIBR;28064;87.00
PRES;27339;35.00
UMID;20448;24.00
FLUX;16682;15.00
UMID;22588;45.00
TEMP;32246;16.00
UMID;21975;24.00
FLUX;7184;58.00
UMID;15216;49.00
UMID;5411;94.00
FLUX;4250;87.00
PRES;12231;4.00
TEMP;7317;94.00
VIBR;29798;72.00
UMID;9946;59.00
FLUX;13747;28.00
FLUX;29303;12.00
PRES;24544;83.00
TEMP;12488;11.00
UMID;19916;43.00
PRES;23869;84.00
VIBR;17887;18.00
VIBR;5919;81.00
VIBR;2137;29.00
PRES;28570;61.00
TEMP;5941;8.00
FLUX;4467;87.00
UMID;9200;99.00
PRES;30004;79.00
VIBR;27096;85.00
PRES;20408;92.00
PRES;15277;96.00
FLUX;25172;77.00
FLUX;16826;64.00
PRES;6933;23.00
TEMP;25009;29.00
VIBR;22734;75.00
UMID;7146;43.00
TEMP;31210;88.00
FLUX;25054;89.00
UMID;28211;42.00
VIBR;6124;92.00
PRES;8990;7.00
VIBR;10448;1.00
VIBR;7989;0.00
TEMP;23380;75.00
UMID;19629;18.00
UMID;2846;56.00
PRES;7258;75.00
TEMP;2985;56.00
FLUX;8562;71.00
UMID;26833;27.00
UMID;23524;11.00
VIBR;31352;11.00
FLUX;27185;17.00
FLUX;26916;35.00
PRES;7423;30.00
FLUX;24502;61.00
FLUX;13800;53.00
TEMP;19070;30.00
PRES;18476;64.00
UMID;15962;69.00
PRES;3413;93.00
FLUX;684;2.00
TEMP;22765;91.00
UMID;20283;51.00
PRES;32202;89.00
FLUX;11107;12.00
UMID;15537;97.00
UMID;3622;43.00
FLUX;1840;14.00
TEMP;30452;5.00
FLUX;21249;92.00
PRES;17731;54.00
UMID;14682;14.00
TEMP;10577;47.00
FLUX;31468;94.00
UMID;12969;77.00
TEMP;3211;95.00
VIBR;20799;67.00
VIBR;22959;74.00
FLUX;9278;7.00
FLUX;16713;4.00
FLUX;15837;36.00
FLUX;18088;29.00
VIBR;9684;65.00
VIBR;21347;69.00
UMID;27732;38.00
VIBR;2172;60.00
TEMP;7553;22.00
UMID;19519;88.00
UMID;27103;56.00
UMID;20359;78.00
FLUX;29247;88.00
FLUX;105;4.00
FLUX;26110;4.00
TEMP;6531;5.00
PRES;6339;4.00
PRES;1113;79.00
UMID;28918;13.00
TEMP;27260;62.00
FLUX;8865;81.00
FLUX;25731;27.00
UMID;8844;22.00
TEMP;1779;1.00
FLUX;11168;12.00
PRES;27812;57.00
FLUX;9473;49.00
TEMP;6992;90.00
TEMP;16731;83.00
UMID;2634;35.00
FLUX;24656;84.00
FLUX;31885;73.00
VIBR;8472;64.00
VIBR;5796;78.00
FLUX;16806;75.00
PRES;28192;51.00
VIBR;26604;4.00
FLUX;5004;82.00
PRES;23330;19.00
UMID;6440;53.00
VIBR;4367;92.00
VIBR;10194;25.00
PRES;22477;91.00
UMID;8411;45.00
FLUX;24188;94.00
UMID;26314;42.00
FLUX;32731;8.00
TEMP;47;71.00
TEMP;1997;3.00
VIBR;12056;8.00
UMID;18723;61.00
FLUX;7367;14.00
UMID;19284;72.00
TEMP;11449;90.00
FLUX;12252;15.00
TEMP;15136;72.00
UMID;15741;99.00
UMID;19029;27.00
FLUX;21402;54.00
TEMP;16379;90.00
VIBR;29282;88.00
VIBR;7619;21.00
TEMP;5256;29.00
FLUX;27405;8.00
PRES;23983;24.00
FLUX;7133;14.00
FLUX;11493;96.00
FLUX;30436;15.00
UMID;1208;5.00
PRES;8069;64.00
VIBR;708;16.00
VIBR;18972;20.00
FLUX;24280;70.00
TEMP;4087;86.00
FLUX;11775;57.00
VIBR;9667;17.00
VIBR;11;56.00
FLUX;12881;19.00
FLUX;28284;47.00
VIBR;32008;9.00
PRES;27087;29.00
FLUX;29279;33.00
UMID;3747;94.00
FLUX;25131;21.00
PRES;7735;21.00
UMID;11947;25.00
FLUX;28190;22.00
PRES;13472;85.00
UMID;20815;19.00
PRES;21445;1.00
FLUX;12499;95.00
PRES;31877;24.00
PRES;21687;37.00
UMID;21198;98.00
UMID;19998;84.00
FLUX;8005;23.00
FLUX;6522;18.00
UMID;16202;80.00
UMID;31827;27.00
UMID;22925;19.00
VIBR;25647;31.00
PRES;8230;90.00
VIBR;13427;29.00
TEMP;10863;9.00
VIBR;3923;96.00
UMID;16392;71.00
PRES;18989;91.00
UMID;7124;30.00
UMID;30692;97.00
PRES;2262;14.00
UMID;21527;84.00
UMID;5159;87.00
VIBR;28737;33.00
UMID;13960;33.00
FLUX;24621;28.00
UMID;7486;7.00
TEMP;21825;50.00
TEMP;27953;24.00
VIBR;12425;41.00
VIBR;19596;28.00
VIBR;8593;42.00
TEMP;32331;7.00
VIBR;31844;80.00
VIBR;14468;74.00
PRES;6994;28.00
UMID;26947;45.00
TEMP;29004;26.00
VIBR;10063;38.00
FLUX;30706;18.00
UMID;25412;59.00
TEMP;28839;72.00
VIBR;25266;14.00
VIBR;4682;98.00
FLUX;29255;1.00
PRES;17767;92.00
PRES;23865;12.00
UMID;3832;43.00
VIBR;26459;63.00
FLUX;19983;5.00
TEMP;5288;84.00
PRES;2815;26.00
VIBR;17456;4.00
PRES;22245;13.00
TEMP;23971;10.00
UMID;12444;36.00
TEMP;22506;62.00
PRES;8312;61.00
UMID;1178;88.00
FLUX;20074;5.00
UMID;7971;12.00
VIBR;20053;1.00
TEMP;28666;29.00
PRES;19641;14.00
PRES;13121;16.00
FLUX;14852;61.00
FLUX;12178;18.00
UMID;7466;16.00
TEMP;21753;71.00
UMID;26185;59.00
VIBR;9539;9.00
VIBR;142;61.00
TEMP;24099;16.00
TEMP;3736;50.00
TEMP;13035;79.00
PRES;16128;79.00
FLUX;9920;37.00
FLUX;3801;59.00
VIBR;6547;25.00
UMID;11841;22.00
VIBR;10569;27.00
TEMP;8028;23.00
FLUX;30166;31.00
PRES;8787;37.00
FLUX;29241;68.00
TEMP;8479;16.00
VIBR;1428;20.00
TEMP;9304;29.00
TEMP;9948;64.00
VIBR;30270;99.00
FLUX;8919;37.00
PRES;2987;82.00
PRES;12121;45.00
VIBR;8890;22.00
TEMP;8196;56.00
VIBR;21823;78.00
FLUX;20477;53.00
FLUX;12653;33.00
TEMP;28998;87.00
VIBR;21816;38.00
TEMP;15818;88.00
UMID;6477;51.00
VIBR;20280;37.00
PRES;7879;58.00
PRES;31295;98.00
TEMP;7904;59.00
UMID;16081;16.00
FLUX;15946;93.00
PRES;617;69.00
PRES;28159;51.00
UMID;10899;24.00
FLUX;8611;81.00
PRES;7465;11.00
TEMP;26574;84.00
UMID;30966;51.00
VIBR;19160;48.00
TEMP;21703;79.00
TEMP;24827;42.00
VIBR;19474;6.00
TEMP;10476;72.00
UMID;26551;92.00
UMID;19510;27.00
FLUX;22156;16.00
TEMP;13052;27.00
UMID;15530;74.00
PRES;3312;87.00
PRES;29122;85.00
VIBR;8604;50.00
FLUX;9688;89.00
TEMP;28246;74.00
PRES;24889;4.00
PRES;25203;20.00
PRES;32652;3.00
TEMP;31376;62.00
TEMP;28486;28.00
PRES;8724;85.00
UMID;30192;38.00
VIBR;11830;37.00
UMID;20219;16.00
FLUX;2079;52.00
UMID;32281;33.00
PRES;17427;16.00
PRES;28499;17.00
UMID;409;37.00
TEMP;20053;78.00
UMID;5405;33.00
VIBR;11169;45.00
PRES;13703;95.00
VIBR;25011;80.00
PRES;18611;31.00
PRES;1334;29.00
VIBR;32720;61.00
TEMP;21203;86.00
FLUX;20760;41.00
FLUX;21073;46.00
UMID;3668;46.00
PRES;6640;56.00
UMID;28719;42.00
UMID;3659;64.00
UMID;31816;51.00
VIBR;31274;13.00
PRES;16504;70.00
VIBR;14082;19.00
FLUX;2004;73.00
UMID;10776;57.00
PRES;32330;47.00
FLUX;25477;63.00
VIBR;15854;27.00
PRES;909;47.00
TEMP;3410;37.00
FLUX;1;27.00
PRES;14456;85.00
TEMP;18089;34.00
TEMP;30283;62.00
PRES;23275;28.00
VIBR;19096;77.00
FLUX;15395;40.00
TEMP;22783;31.00
UMID;28526;71.00
UMID;14168;28.00
PRES;17109;44.00
VIBR;3709;23.00
FLUX;6423;55.00
FLUX;20094;65.00
UMID;5256;65.00
FLUX;30619;17.00
PRES;7358;72.00
UMID;2988;94.00
TEMP;19969;42.00
PRES;13231;93.00
TEMP;12983;85.00
UMID;5050;0.00
PRES;1611;28.00
UMID;15241;86.00
TEMP;32313;3.00
FLUX;11346;97.00
UMID;325;89.00
TEMP;7347;91.00
FLUX;7694;31.00
UMID;2509;35.00
PRES;18799;86.00
PRES;20716;90.00
UMID;17019;25.00
TEMP;3917;6.00
UMID;15601;8.00
UMID;28129;93.00
PRES;29810;81.00
TEMP;23835;57.00
UMID;23020;26.00
UMID;10541;16.00
PRES;31221;83.00
PRES;18754;93.00
UMID;22021;11.00
PRES;27795;14.00
FLUX;973;94.00
FLUX;7787;87.00
FLUX;19757;66.00
UMID;30329;39.00
PRES;4204;96.00
FLUX;15611;80.00
UMID;5045;17.00
TEMP;17064;41.00
VIBR;12318;44.00
PRES;31339;90.00
TEMP;30610;19.00
VIBR;14146;98.00
UMID;5750;48.00
FLUX;23270;40.00
TEMP;31981;72.00
FLUX;20995;74.00
UMID;9464;58.00
PRES;296;61.00
VIBR;25070;67.00
FLUX;20924;70.00
VIBR;23298;38.00
FLUX;28821;86.00
FLUX;30153;54.00
UMID;6155;72.00
UMID;22272;81.00
TEMP;32152;70.00
PRES;3848;80.00
FLUX;16223;0.00
TEMP;21711;83.00
TEMP;2110;50.00
VIBR;11546;52.00
PRES;8491;63.00
TEMP;21873;92.00
PRES;23826;0.00
PRES;4380;72.00
UMID;18537;38.00
FLUX;23538;76.00
FLUX;22586;99.00
VIBR;23014;33.00
VIBR;3154;82.00
VIBR;27545;82.00
TEMP;9938;15.00
PRES;28505;21.00
TEMP;20315;62.00
FLUX;13138;10.00
UMID;17032;11.00
VIBR;18662;77.00
VIBR;7794;68.00
FLUX;4699;82.00
PRES;888;34.00
PRES;23394;49.00
TEMP;11386;31.00
FLUX;25133;54.00
FLUX;25673;46.00
TEMP;14856;73.00
TEMP;26115;61.00
FLUX;12717;66.00
FLUX;21639;46.00
TEMP;14031;93.00
TEMP;6477;81.00
FLUX;23955;73.00
VIBR;13635;13.00
TEMP;3565;3.00
UMID;28287;59.00
FLUX;12826;75.00
VIBR;23529;78.00
VIBR;26795;20.00
UMID;11299;92.00
FLUX;488;30.00
FLUX;14176;99.00
UMID;17259;37.00
TEMP;997;40.00
VIBR;24127;9.00
FLUX;29544;73.00
TEMP;758;87.00
VIBR;25485;41.00
PRES;23652;65.00
PRES;13871;98.00
TEMP;17674;41.00
PRES;1593;9.00
TEMP;5200;46.00
TEMP;21556;12.00
UMID;14370;73.00
UMID;16862;38.00
FLUX;17557;53.00
PRES;5728;60.00
FLUX;1672;64.00
FLUX;19712;82.00
PRES;18322;54.00
PRES;28257;52.00
PRES;8344;74.00
PRES;30896;93.00
UMID;17881;7.00
TEMP;13642;16.00
FLUX;29270;69.00
TEMP;6854;50.00
VIBR;20960;38.00
UMID;20584;3.00
UMID;20531;58.00
VIBR;9312;19.00
UMID;22759;64.00
FLUX;22630;16.00
VIBR;10011;45.00
PRES;8346;66.00
PRES;5416;11.00
VIBR;7844;32.00
VIBR;15298;13.00
FLUX;6030;48.00
VIBR;27973;14.00
FLUX;11475;79.00
PRES;1327;0.00
UMID;4494;60.00
FLUX;27885;98.00
PRES;6869;94.00
TEMP;28296;30.00
TEMP;13984;99.00
TEMP;17105;35.00
FLUX;22227;91.00
VIBR;3103;92.00
FLUX;17978;16.00
UMID;28614;99.00
FLUX;15262;21.00
TEMP;4029;47.00
FLUX;25406;89.00
UMID;4922;31.00
FLUX;4426;46.00
VIBR;2093;18.00
TEMP;28728;48.00
FLUX;219;84.00
TEMP;21512;91.00
UMID;14348;17.00
FLUX;30678;52.00
PRES;2950;9.00
TEMP;23876;3.00
FLUX;4047;39.00
TEMP;23975;41.00
UMID;12653;14.00
TEMP;19199;62.00
FLUX;5909;14.00
PRES;21271;71.00
VIBR;5516;11.00
FLUX;16750;84.00
FLUX;20781;21.00
PRES;19626;46.00
FLUX;29261;65.00
FLUX;25298;13.00
VIBR;26858;93.00
VIBR;29560;70.00
UMID;29049;96.00
VIBR;6553;20.00
VIBR;12198;52.00
VIBR;20201;6.00
VIBR;5473;35.00
TEMP;4277;95.00
VIBR;15252;51.00
TEMP;8881;97.00
TEMP;8013;48.00
VIBR;30268;12.00
UMID;12618;50.00
TEMP;15629;25.00
VIBR;7972;59.00
VIBR;25665;24.00
PRES;1166;13.00
FLUX;12606;66.00
UMID;6237;21.00
PRES;3057;71.00
VIBR;15455;96.00
TEMP;14918;73.00
FLUX;26661;88.00
UMID;32496;5.00
VIBR;1606;23.00
FLUX;16865;46.00
VIBR;22737;9.00
PRES;13045;64.00
PRES;9438;36.00
VIBR;18374;19.00
PRES;3717;77.00
UMID;7076;75.00
TEMP;1441;17.00
FLUX;9502;83.00
TEMP;14629;17.00
TEMP;30379;13.00
PRES;2549;41.00
PRES;26693;62.00
TEMP;14204;96.00
FLUX;9759;49.00
VIBR;20342;6.00
VIBR;17599;89.00
PRES;6058;50.00
FLUX;13592;73.00
PRES;901;31.00
FLUX;21373;80.00
PRES;8402;50.00
TEMP;25226;28.00
UMID;3600;7.00
VIBR;8016;19.00
UMID;20996;43.00
PRES;20070;45.00
FLUX;8099;31.00
TEMP;14765;66.00
FLUX;616;71.00
PRES;9457;5.00
PRES;28335;83.00
UMID;21411;49.00
UMID;3756;45.00
PRES;25699;56.00
FLUX;12313;14.00
TEMP;5913;95.00
FLUX;16303;41.00
PRES;6338;51.00
FLUX;5893;75.00
UMID;15435;81.00
FLUX;22126;40.00
UMID;10752;60.00
FLUX;26595;87.00
PRES;6022;14.00
VIBR;26926;96.00
FLUX;6228;27.00
VIBR;27323;85.00
UMID;6946;49.00
VIBR;32234;25.00
UMID;17109;41.00
UMID;18613;28.00
FLUX;2496;43.00
VIBR;3582;13.00
VIBR;5212;26.00
FLUX;8427;79.00
VIBR;21701;41.00
UMID;24340;13.00
FLUX;12954;39.00
UMID;24690;85.00
VIBR;25366;84.00
UMID;23887;81.00
FLUX;2935;72.00
VIBR;10662;59.00
UMID;15380;3.00
TEMP;25270;49.00
PRES;23726;15.00
VIBR;22197;51.00
FLUX;21210;82.00
UMID;6114;69.00
VIBR;4517;85.00
VIBR;25454;51.00
FLUX;28085;53.00
FLUX;23019;30.00
VIBR;5009;1.00
FLUX;19018;17.00
VIBR;26084;59.00
TEMP;20879;86.00
PRES;26570;78.00
UMID;8378;8.00
PRES;15249;4.00
FLUX;10147;45.00
PRES;14444;16.00
TEMP;32435;3.00
VIBR;14862;36.00
VIBR;703;16.00
VIBR;9006;15.00
VIBR;32119;56.00
FLUX;10323;45.00
PRES;14884;26.00
PRES;27270;55.00
UMID;22950;37.00
FLUX;16823;19.00
UMID;27121;73.00
PRES;25852;92.00
VIBR;1156;26.00
TEMP;29422;78.00
FLUX;21638;75.00
PRES;18126;53.00
FLUX;12427;78.00
UMID;5955;83.00
VIBR;15671;81.00
TEMP;8645;58.00
UMID;9523;80.00
TEMP;12822;67.00
UMID;10292;76.00
TEMP;14166;62.00
TEMP;26112;92.00
PRES;24727;21.00
FLUX;11191;26.00
PRES;30972;53.00
TEMP;30925;42.00
UMID;32707;99.00
PRES;15984;10.00
UMID;21204;87.00
TEMP;22359;20.00
FLUX;17055;44.00
VIBR;12077;67.00
PRES;7289;58.00
TEMP;22540;83.00
PRES;13492;19.00
FLUX;12749;30.00
PRES;19489;81.00
PRES;6677;29.00
VIBR;25802;26.00
FLUX;11622;43.00
FLUX;18424;84.00
FLUX;16545;45.00
UMID;13288;52.00
TEMP;14260;33.00
FLUX;29116;30.00
VIBR;2419;92.00
FLUX;1163;32.00
PRES;27077;5.00
PRES;18585;85.00
TEMP;2733;82.00
PRES;17956;99.00
TEMP;31202;57.00
PRES;15686;25.00
TEMP;9182;67.00
PRES;6359;84.00
FLUX;18111;16.00
PRES;5216;41.00
TEMP;28234;4.00
PRES;1394;82.00
TEMP;16358;44.00
UMID;29446;25.00
FLUX;14457;77.00
TEMP;1452;78.00
TEMP;22368;46.00
TEMP;29108;23.00
UMID;22786;84.00
TEMP;22686;31.00
FLUX;26790;1.00
UMID;20836;87.00
UMID;25752;33.00
FLUX;24454;86.00
PRES;16582;95.00
UMID;12002;5.00
UMID;4948;92.00
UMID;32442;50.00
VIBR;13273;93.00
TEMP;20592;99.00
VIBR;24900;53.00
TEMP;16105;87.00
PRES;27556;10.00
TEMP;27034;86.00
UMID;13877;90.00
VIBR;10905;41.00
UMID;23436;8.00
FLUX;29018;22.00
TEMP;8380;67.00
UMID;9181;60.00
FLUX;1470;64.00
VIBR;26223;32.00
FLUX;28810;29.00
PRES;11861;85.00
UMID;32159;91.00
PRES;7673;54.00
UMID;15344;31.00
UMID;26987;16.00
FLUX;21361;10.00
UMID;30808;14.00
UMID;7344;34.00
FLUX;14027;24.00
TEMP;21831;40.00
FLUX;6215;35.00
VIBR;12295;58.00
TEMP;18723;79.00
TEMP;20778;41.00
TEMP;30771;46.00
FLUX;9719;22.00
TEMP;5916;8.00
PRES;17548;77.00
PRES;31201;59.00
TEMP;27608;56.00
FLUX;28311;5.00
UMID;9452;2.00
PRES;19519;18.00
UMID;15904;52.00
TEMP;9260;92.00
FLUX;11722;59.00
PRES;17289;39.00
UMID;11634;83.00
UMID;6879;92.00
UMID;24525;18.00
PRES;32672;20.00
UMID;25317;98.00
UMID;8228;16.00
VIBR;7474;91.00
TEMP;31910;23.00
PRES;12182;45.00
PRES;22549;24.00
FLUX;3959;17.00
FLUX;27101;40.00
PRES;13168;89.00
PRES;13810;92.00
FLUX;16968;65.00
PRES;25281;5.00
UMID;10041;76.00
UMID;15577;73.00
TEMP;8105;97.00
TEMP;26211;71.00
PRES;5600;44.00
FLUX;1222;73.00
UMID;14693;39.00
PRES;10503;66.00
FLUX;4357;93.00
PRES;16332;33.00
VIBR;2998;66.00
VIBR;7169;72.00
TEMP;11465;68.00
VIBR;15252;66.00
FLUX;9524;61.00
UMID;18380;18.00
TEMP;20183;36.00
TEMP;6934;13.00
FLUX;24579;98.00
FLUX;21611;4.00
FLUX;7347;42.00
UMID;17559;94.00
VIBR;6199;72.00
TEMP;23556;95.00
FLUX;5441;76.00
TEMP;16355;67.00
FLUX;2955;8.00
TEMP;25530;76.00
PRES;8600;90.00
UMID;202;1.00
PRES;20034;25.00
FLUX;5834;63.00
VIBR;10504;58.00
PRES;23008;4.00
PRES;348;91.00
TEMP;8169;44.00
FLUX;29800;13.00
VIBR;4976;71.00
VIBR;13820;50.00
PRES;15580;97.00
TEMP;27812;57.00
PRES;25280;53.00
FLUX;10777;59.00
VIBR;26711;76.00
TEMP;135;48.00
TEMP;15755;53.00
TEMP;19043;53.00
VIBR;13850;83.00
FLUX;15813;46.00
PRES;17851;91.00
PRES;9592;36.00
TEMP;15690;49.00
FLUX;26955;42.00
UMID;18790;85.00
PRES;15431;19.00
VIBR;11532;23.00
TEMP;8906;51.00
PRES;4875;69.00
PRES;23491;24.00
PRES;26472;39.00
TEMP;24449;57.00
UMID;1549;32.00
FLUX;27596;25.00
FLUX;15964;27.00
PRES;18506;41.00
UMID;17264;99.00
VIBR;24410;55.00
FLUX;12093;2.00
PRES;18151;66.00
PRES;21202;36.00
FLUX;12778;42.00
FLUX;14422;79.00
TEMP;20109;72.00
FLUX;2987;99.00
FLUX;7725;43.00
UMID;9402;31.00
UMID;11185;91.00
PRES;15048;90.00
PRES;31215;5.00
VIBR;27244;80.00
TEMP;26386;0.00
TEMP;16389;50.00
FLUX;25412;0.00
VIBR;30387;94.00
PRES;2055;26.00
UMID;8265;95.00
PRES;11001;74.00
PRES;1206;45.00
PRES;16905;60.00
UMID;18375;18.00
TEMP;10297;83.00
UMID;23134;76.00
VIBR;22915;93.00
FLUX;30834;9.00
TEMP;24958;91.00
UMID;1900;72.00
TEMP;19416;60.00
PRES;8385;15.00
PRES;14011;29.00
UMID;729;48.00
VIBR;1717;90.00
TEMP;5796;53.00
TEMP;30918;67.00
TEMP;17005;28.00
FLUX;15000;93.00
TEMP;29381;77.00
VIBR;6667;23.00
VIBR;10402;4.00
PRES;5280;7.00
VIBR;2051;88.00
PRES;25710;72.00
FLUX;25786;75.00
PRES;27543;50.00
FLUX;13099;42.00
PRES;24704;2.00
UMID;8478;43.00
FLUX;11325;73.00
PRES;32504;81.00
PRES;23013;71.00
TEMP;7161;51.00
FLUX;4310;23.00
PRES;22605;62.00
TEMP;11525;11.00
FLUX;1557;75.00
VIBR;28661;19.00
VIBR;20145;99.00
TEMP;18929;76.00
FLUX;17397;55.00
TEMP;11914;52.00
PRES;7435;68.00
FLUX;6295;94.00
PRES;27954;27.00
VIBR;8489;54.00
VIBR;30366;14.00
FLUX;10793;73.00
VIBR;9754;77.00
TEMP;26781;77.00
VIBR;21574;13.00
UMID;25546;12.00
VIBR;12166;67.00
VIBR;5548;24.00
UMID;15860;41.00
TEMP;3706;34.00
FLUX;18683;87.00
VIBR;8236;13.00
PRES;19559;50.00
VIBR;30787;27.00
PRES;16644;9.00
PRES;32070;8.00
UMID;24364;75.00
UMID;4772;0.00
UMID;20430;88.00
TEMP;24840;97.00
FLUX;17111;76.00
FLUX;14909;6.00
UMID;6148;92.00
UMID;30513;2.00
UMID;17282;88.00
VIBR;5052;89.00
FLUX;27116;55.00
TEMP;7991;49.00
TEMP;26502;6.00
UMID;10759;72.00
VIBR;9411;13.00
FLUX;30621;77.00
FLUX;20088;90.00
VIBR;14762;28.00
FLUX;21076;49.00
TEMP;17523;11.00
TEMP;28775;63.00
PRES;21890;29.00
TEMP;22751;61.00
PRES;32045;51.00
VIBR;14675;51.00
FLUX;20650;95.00
TEMP;24360;89.00
FLUX;3496;41.00
PRES;15600;83.00
TEMP;6565;97.00
TEMP;16093;35.00
PRES;5753;42.00
VIBR;32411;84.00
TEMP;29389;11.00
TEMP;8492;53.00
PRES;14456;70.00
PRES;2460;33.00
FLUX;13307;74.00
PRES;8612;88.00
VIBR;14221;95.00
VIBR;21917;98.00
VIBR;375;29.00
TEMP;4940;36.00
FLUX;185;18.00
UMID;13162;69.00
UMID;9250;24.00
UMID;17409;24.00
FLUX;24423;93.00
TEMP;15851;31.00
TEMP;28385;92.00
TEMP;23061;84.00
PRES;28147;16.00
FLUX;2910;49.00
PRES;23884;33.00
FLUX;10276;28.00
TEMP;3451;48.00
VIBR;6872;67.00
FLUX;22423;52.00
FLUX;4920;4.00
FLUX;28901;81.00
FLUX;14845;81.00
UMID;18367;13.00
TEMP;26400;73.00
TEMP;1840;32.00
TEMP;24318;1.00
FLUX;27640;6.00
PRES;13580;97.00
PRES;20734;25.00
PRES;13012;97.00
UMID;4694;62.00
VIBR;6253;90.00
PRES;28002;62.00
VIBR;18362;66.00
UMID;10683;19.00
FLUX;32267;18.00
VIBR;27110;55.00
FLUX;14320;24.00
UMID;21504;55.00
UMID;18791;8.00
UMID;8672;15.00
UMID;10413;95.00
VIBR;25958;49.00
PRES;29778;43.00
TEMP;14581;76.00
FLUX;28004;13.00
FLUX;32063;58.00
UMID;1230;55.00
TEMP;31981;86.00
PRES;18235;81.00
TEMP;9175;87.00
VIBR;29988;12.00
VIBR;15033;82.00
VIBR;31944;76.00
VIBR;6568;16.00
TEMP;27205;7.00
TEMP;21185;85.00
FLUX;17934;23.00
PRES;17342;51.00
FLUX;21606;88.00
PRES;6258;51.00
FLUX;18615;64.00
PRES;24935;57.00
FLUX;21974;66.00
PRES;18696;18.00
TEMP;8338;8.00
TEMP;30495;9.00
TEMP;3106;6.00
UMID;9623;61.00
UMID;12366;5.00
TEMP;6842;8.00
PRES;5995;55.00
UMID;31839;45.00
TEMP;13944;91.00
TEMP;3282;75.00
VIBR;31749;4.00
VIBR;11601;10.00
FLUX;25266;69.00
VIBR;19315;11.00
PRES;14932;19.00
TEMP;30172;58.00
FLUX;26420;65.00
PRES;2564;13.00
PRES;14563;9.00
VIBR;4093;24.00
PRES;17032;28.00
UMID;14968;53.00
UMID;23750;94.00
FLUX;28805;26.00
VIBR;15745;96.00
TEMP;5046;29.00
UMID;27697;87.00
PRES;12460;63.00
VIBR;22909;54.00
UMID;16709;21.00
UMID;5975;17.00
FLUX;28374;27.00
UMID;10971;52.00
PRES;10299;70.00
UMID;17288;23.00
UMID;12964;64.00
UMID;23486;66.00
FLUX;28007;30.00
UMID;29829;87.00
VIBR;8254;95.00
TEMP;21250;35.00
FLUX;10428;67.00
PRES;28710;6.00
TEMP;1759;2.00
FLUX;15230;47.00
FLUX;29184;76.00
PRES;30767;46.00
TEMP;5792;0.00
PRES;26492;35.00
UMID;12982;30.00
VIBR;13934;80.00
UMID;18825;18.00
TEMP;19573;93.00
FLUX;26952;75.00
PRES;14104;93.00
PRES;19412;91.00
PRES;4881;40.00
VIBR;18808;20.00
VIBR;3429;1.00
UMID;28548;10.00
VIBR;30558;86.00
UMID;26120;89.00
PRES;32362;14.00
TEMP;30502;70.00
TEMP;30030;1.00
FLUX;20392;30.00
VIBR;20021;82.00
TEMP;17381;91.00
VIBR;32118;28.00
VIBR;21791;83.00
TEMP;2862;31.00
UMID;13011;28.00
FLUX;11781;55.00
UMID;20669;79.00
PRES;29613;98.00
PRES;13686;34.00
UMID;19458;48.00
UMID;12031;73.00
FLUX;20950;23.00
UMID;29073;66.00
PRES;30921;82.00
UMID;6787;95.00
VIBR;27069;64.00
FLUX;29748;76.00
UMID;24519;22.00
TEMP;31023;80.00
UMID;21942;65.00
TEMP;17414;35.00
VIBR;22644;93.00
TEMP;9885;24.00
TEMP;27899;62.00
UMID;24273;44.00
VIBR;14482;70.00
TEMP;6089;37.00
PRES;4228;1.00
UMID;28238;43.00
PRES;21156;5.00
TEMP;21500;9.00
FLUX;31267;46.00
VIBR;16434;39.00
VIBR;23728;6.00
TEMP;28411;30.00
PRES;27102;52.00
UMID;19832;89.00
TEMP;15159;58.00
VIBR;28779;60.00
TEMP;19856;54.00
PRES;23791;51.00
FLUX;27764;31.00
UMID;21639;98.00
UMID;16066;78.00
PRES;3335;95.00
TEMP;4053;47.00
UMID;4613;54.00
TEMP;29383;17.00
PRES;20696;75.00
PRES;17846;92.00
TEMP;20805;3.00
FLUX;30998;40.00
VIBR;11379;26.00
TEMP;25444;66.00
UMID;16571;65.00
TEMP;25579;86.00
UMID;15468;76.00
TEMP;14161;80.00
TEMP;12958;81.00
FLUX;14112;54.00
TEMP;21671;89.00
FLUX;22931;58.00
PRES;28626;83.00
UMID;14663;31.00
TEMP;16994;68.00
UMID;17570;78.00
UMID;27666;78.00
PRES;780;49.00
UMID;32131;6.00
TEMP;12882;62.00
VIBR;18272;47.00
FLUX;26826;69.00
FLUX;21794;40.00
UMID;30990;82.00
VIBR;18609;23.00
FLUX;6763;8.00
TEMP;25433;37.00
VIBR;25942;47.00
PRES;15828;17.00
PRES;5508;16.00
FLUX;21579;27.00
TEMP;19323;79.00
FLUX;27811;52.00
VIBR;17840;56.00
UMID;19570;18.00
TEMP;19864;14.00
PRES;365;59.00
FLUX;28460;42.00
FLUX;31277;86.00
UMID;4563;49.00
UMID;9890;45.00
VIBR;16308;58.00
UMID;7817;1.00
VIBR;25813;1.00
UMID;12735;88.00
TEMP;8604;41.00
VIBR;6478;33.00
PRES;1158;78.00
PRES;4476;73.00
VIBR;11569;58.00
FLUX;17485;54.00
PRES;3853;29.00
UMID;26932;98.00
TEMP;21585;20.00
UMID;10727;74.00
PRES;20999;51.00
TEMP;1428;24.00
UMID;9288;12.00
UMID;25313;29.00
TEMP;30214;75.00
PRES;5766;42.00
TEMP;14829;92.00
UMID;10086;3.00
TEMP;16972;83.00
FLUX;23136;78.00
TEMP;17405;49.00
UMID;24413;44.00
PRES;29896;42.00
FLUX;9800;14.00
TEMP;12215;53.00
PRES;15852;87.00
TEMP;27216;8.00
UMID;30698;62.00
TEMP;23480;61.00
TEMP;13388;23.00
VIBR;4896;81.00
VIBR;31837;80.00
FLUX;27928;1.00
TEMP;18382;94.00
TEMP;28563;7.00
VIBR;14417;2.00
TEMP;8900;52.00
TEMP;5933;93.00
UMID;4384;68.00
TEMP;15741;35.00
PRES;17181;41.00
TEMP;6934;36.00
FLUX;23446;47.00
VIBR;6472;21.00
TEMP;32722;26.00
PRES;28149;18.00
TEMP;667;6.00
UMID;26805;19.00
FLUX;27642;61.00
PRES;9985;12.00
UMID;32610;67.00
TEMP;15764;7.00
FLUX;24693;61.00
VIBR;5258;87.00
VIBR;31404;62.00
UMID;16614;58.00
TEMP;27267;27.00
VIBR;24961;91.00
PRES;26369;83.00
VIBR;16016;34.00
UMID;8357;85.00
TEMP;29255;78.00
FLUX;18222;64.00
VIBR;1603;75.00
FLUX;31155;54.00
PRES;1210;76.00
VIBR;23809;93.00
TEMP;19882;93.00
UMID;574;73.00
VIBR;24445;64.00
FLUX;15427;31.00
TEMP;32725;33.00
TEMP;3112;50.00
FLUX;7303;0.00
VIBR;32245;42.00
TEMP;9701;70.00
VIBR;13440;23.00
PRES;23278;37.00
PRES;4047;90.00
UMID;21753;59.00
TEMP;23458;28.00
FLUX;25588;94.00
UMID;23541;57.00
TEMP;19799;34.00
UMID;27535;2.00
VIBR;3921;81.00
UMID;17660;97.00
TEMP;14046;79.00
VIBR;2185;29.00
VIBR;29379;41.00
TEMP;12828;88.00
UMID;9899;42.00
VIBR;2035;88.00
TEMP;10451;6.00
VIBR;10166;88.00
FLUX;23049;13.00
UMID;18790;28.00
FLUX;15082;99.00
TEMP;10248;88.00
TEMP;21150;82.00
TEMP;19991;36.00
FLUX;31379;23.00
UMID;22574;81.00
PRES;16339;56.00
VIBR;10855;55.00
UMID;22033;10.00
FLUX;9563;36.00
VIBR;24964;72.00
UMID;11723;78.00
TEMP;29731;69.00
PRES;26201;57.00
VIBR;20456;93.00
VIBR;23774;80.00
TEMP;8982;20.00
VIBR;13630;3.00
VIBR;21698;67.00
PRES;6596;88.00
FLUX;26380;38.00
VIBR;32112;21.00
UMID;16840;89.00
UMID;5825;6.00
PRES;13195;46.00
FLUX;31194;8.00
TEMP;28755;38.00
FLUX;28441;29.00
TEMP;7241;96.00
TEMP;8047;7.00
TEMP;22088;90.00
UMID;553;7.00
PRES;2357;18.00
FLUX;12256;12.00
UMID;23622;9.00
FLUX;27846;54.00
UMID;14792;41.00
UMID;28825;96.00
PRES;24848;27.00
FLUX;15573;78.00
UMID;9101;76.00
FLUX;16896;25.00
VIBR;5692;1.00
VIBR;15146;3.00
FLUX;30702;43.00
UMID;4848;81.00
VIBR;8732;83.00
PRES;26534;61.00
VIBR;23873;94.00
VIBR;27763;86.00
FLUX;13036;51.00
FLUX;907;33.00
TEMP;10002;55.00
FLUX;4544;44.00
TEMP;28477;25.00
TEMP;17954;26.00
UMID;6577;14.00
UMID;28788;83.00
UMID;28577;83.00
PRES;6031;40.00
TEMP;1279;88.00
FLUX;23827;47.00
PRES;11671;95.00
TEMP;28147;28.00
UMID;17012;54.00
FLUX;22465;40.00
UMID;5049;26.00
TEMP;10435;13.00
TEMP;25204;43.00
TEMP;21820;26.00
FLUX;6947;96.00
PRES;1639;65.00
PRES;5331;3.00
VIBR;18460;28.00
FLUX;8741;3.00
UMID;4118;15.00
PRES;6309;6.00
UMID;26190;47.00
TEMP;26668;76.00
VIBR;6129;0.00
FLUX;16203;53.00
TEMP;26318;18.00
VIBR;23278;72.00
UMID;9565;59.00
PRES;20154;80.00
FLUX;13220;95.00
UMID;8404;77.00
UMID;27556;46.00
FLUX;20237;84.00
PRES;19488;17.00
UMID;3244;11.00
UMID;9935;54.00
UMID;3917;1.00
PRES;21337;84.00
FLUX;26255;70.00
TEMP;31421;47.00
PRES;28031;26.00
PRES;1763;81.00
PRES;13839;90.00
PRES;12423;68.00
VIBR;11759;28.00
FLUX;6607;4.00
TEMP;31140;66.00
TEMP;28184;84.00
TEMP;28091;65.00
VIBR;12263;98.00
TEMP;30552;32.00
PRES;17415;97.00
PRES;31905;51.00
FLUX;29994;19.00
VIBR;4785;48.00
VIBR;11703;80.00
PRES;10765;33.00
TEMP;3462;66.00
TEMP;21470;23.00
TEMP;24497;90.00
VIBR;20829;72.00
FLUX;22740;10.00
UMID;3109;63.00
TEMP;65;73.00
VIBR;12663;96.00
VIBR;18200;42.00
UMID;17292;64.00
UMID;9806;42.00
PRES;23437;72.00
FLUX;14585;40.00
UMID;23494;85.00
VIBR;14974;70.00
VIBR;17710;19.00
FLUX;10366;67.00
VIBR;5216;95.00
FLUX;5770;11.00
TEMP;18832;85.00
TEMP;5642;74.00
VIBR;23596;1.00
VIBR;32478;81.00
VIBR;9756;2.00
PRES;30106;79.00
VIBR;7148;18.00
VIBR;21108;5.00
FLUX;15930;90.00
PRES;6204;4.00
PRES;26178;27.00
FLUX;3313;69.00
FLUX;12894;33.00
UMID;19922;96.00
TEMP;14550;40.00
TEMP;30464;84.00
UMID;5715;7.00
FLUX;15112;5.00
TEMP;15049;89.00
FLUX;8430;67.00
VIBR;21190;23.00
VIBR;8083;49.00
TEMP;9306;56.00
TEMP;903;9.00
VIBR;32277;84.00
TEMP;2219;10.00
FLUX;15318;98.00
VIBR;25391;27.00
FLUX;14425;17.00
VIBR;11210;62.00
UMID;5061;82.00
UMID;20803;3.00
TEMP;22193;14.00
UMID;26021;23.00
VIBR;30289;17.00
VIBR;26545;98.00
TEMP;27088;18.00
PRES;6507;15.00
FLUX;10745;63.00
PRES;6870;64.00
VIBR;27592;82.00
UMID;27708;91.00
VIBR;31607;1.00
VIBR;15767;55.00
PRES;8472;54.00
PRES;6380;2.00
TEMP;14574;0.00
TEMP;5058;71.00
FLUX;30964;47.00
UMID;22521;7.00
VIBR;2647;89.00
PRES;3750;77.00
VIBR;30931;1.00
FLUX;6089;59.00
TEMP;21293;13.00
TEMP;4080;97.00
PRES;32574;6.00
TEMP;295;37.00
FLUX;2391;27.00
TEMP;20168;1.00
VIBR;27095;35.00
PRES;1023;90.00
VIBR;11605;64.00
UMID;15147;43.00
PRES;27304;98.00
UMID;26713;85.00
FLUX;20397;94.00
UMID;31626;58.00
VIBR;6317;16.00
TEMP;8083;38.00
FLUX;20376;77.00
UMID;24740;0.00
UMID;1955;36.00
FLUX;20962;77.00
TEMP;16104;50.00
VIBR;27552;15.00
PRES;29457;95.00
TEMP;25611;37.00
TEMP;5949;81.00
PRES;17006;18.00
UMID;18583;65.00
VIBR;29021;54.00
PRES;11367;81.00
PRES;11871;70.00
FLUX;7543;33.00
TEMP;30193;24.00
PRES;2077;62.00
TEMP;257;20.00
UMID;23392;53.00
UMID;9509;74.00
TEMP;6879;10.00
VIBR;31552;61.00
PRES;12418;89.00
TEMP;10326;3.00
PRES;28200;91.00
VIBR;4793;63.00
PRES;3790;37.00
FLUX;16860;2.00
VIBR;17368;97.00
TEMP;12641;38.00
TEMP;18060;96.00
UMID;4170;11.00
TEMP;20192;43.00
PRES;19287;80.00
FLUX;2082;75.00
VIBR;28135;4.00
UMID;28974;42.00
TEMP;26373;8.00
PRES;22819;21.00
UMID;10343;53.00
PRES;10970;77.00
PRES;29565;94.00
VIBR;18582;20.00
VIBR;3309;28.00
VIBR;9874;15.00
UMID;2321;34.00
TEMP;28295;20.00
PRES;1093;52.00
UMID;3907;7.00
FLUX;28723;62.00
UMID;723;58.00
VIBR;15197;53.00
VIBR;6920;81.00
UMID;2703;57.00
VIBR;5936;92.00
PRES;5125;80.00
UMID;30551;93.00
UMID;31334;36.00
TEMP;16506;12.00
UMID;23016;63.00
TEMP;617;84.00
UMID;9261;69.00
PRES;15173;63.00
FLUX;30665;27.00
FLUX;32233;52.00
TEMP;26214;1.00
UMID;22431;72.00
VIBR;10497;28.00
TEMP;9952;70.00
UMID;9149;19.00
TEMP;14372;95.00
TEMP;25400;26.00
UMID;24288;14.00
TEMP;31590;37.00
TEMP;12359;82.00
FLUX;29794;58.00
FLUX;21103;58.00
PRES;19381;10.00
VIBR;19934;97.00
UMID;4348;51.00
VIBR;18614;27.00
TEMP;23294;5.00
TEMP;23023;1.00
FLUX;20104;17.00
TEMP;2153;59.00
UMID;17070;36.00
UMID;23738;92.00
TEMP;17989;30.00
VIBR;32249;0.00
UMID;30890;1.00
FLUX;28934;23.00
FLUX;23603;4.00
VIBR;3832;4.00
TEMP;4839;67.00
PRES;29359;49.00
VIBR;26182;38.00
PRES;18124;70.00
PRES;8522;37.00
FLUX;21616;50.00
UMID;12265;79.00
VIBR;18583;16.00
UMID;14785;11.00
FLUX;10477;46.00
PRES;5558;27.00
UMID;12900;34.00
TEMP;4770;58.00
TEMP;11011;7.00
FLUX;13682;52.00
UMID;23958;38.00
UMID;18243;88.00
UMID;20819;97.00
PRES;28238;84.00
VIBR;10382;76.00
PRES;8921;7.00
PRES;14603;13.00
VIBR;11612;24.00
FLUX;13723;92.00
UMID;3477;55.00
PRES;29687;32.00
UMID;16975;57.00
VIBR;19238;90.00
VIBR;30716;2.00
PRES;1480;13.00
UMID;14455;69.00
UMID;16669;29.00
UMID;24710;37.00
UMID;7332;85.00
UMID;28667;92.00
UMID;10143;36.00
TEMP;20346;59.00
PRES;20717;46.00
VIBR;29527;3.00
UMID;4841;57.00
UMID;25865;76.00
FLUX;30805;2.00
VIBR;17689;26.00
UMID;14464;80.00
UMID;21928;66.00
PRES;22562;0.00
UMID;8663;57.00
FLUX;18848;7.00
PRES;28850;19.00
FLUX;17085;51.00
TEMP;29299;17.00
PRES;14051;9.00
UMID;3389;59.00
PRES;27777;71.00
VIBR;27282;36.00
PRES;18741;80.00
VIBR;31035;64.00
TEMP;961;25.00
TEMP;3930;25.00
PRES;15351;78.00
PRES;18133;52.00
TEMP;22554;11.00
VIBR;8810;13.00
TEMP;17521;24.00
FLUX;5123;1.00
UMID;7418;72.00
FLUX;11550;65.00
VIBR;12925;94.00
UMID;10351;79.00
VIBR;4976;79.00
PRES;10244;22.00
PRES;5744;90.00
PRES;1420;18.00
VIBR;10038;90.00
FLUX;31385;17.00
TEMP;6220;3.00
TEMP;17649;79.00
FLUX;19195;13.00
TEMP;20296;39.00
PRES;27683;36.00
FLUX;24826;0.00
VIBR;8181;92.00
VIBR;30627;4.00
UMID;4046;30.00
VIBR;17313;90.00
TEMP;13479;70.00
UMID;23779;66.00
UMID;15823;19.00
PRES;14233;62.00
TEMP;26350;47.00
PRES;14493;25.00
FLUX;16770;84.00
TEMP;6060;70.00
UMID;13650;29.00
UMID;4550;5.00
FLUX;6283;39.00
PRES;22614;69.00
TEMP;2954;5.00
TEMP;14825;92.00
VIBR;3451;68.00
TEMP;18337;10.00
TEMP;22096;86.00
VIBR;18086;2.00
UMID;14276;37.00
PRES;8002;66.00
PRES;27238;71.00
TEMP;17262;89.00
VIBR;3294;97.00
VIBR;17652;12.00
UMID;2792;81.00
TEMP;6012;36.00
UMID;28346;64.00
FLUX;21781;53.00
FLUX;6867;48.00
PRES;23575;30.00
TEMP;25446;43.00
VIBR;21374;31.00
FLUX;17878;87.00
PRES;7941;70.00
PRES;25089;25.00
FLUX;7846;69.00
VIBR;11351;73.00
UMID;19794;46.00
TEMP;24802;40.00
PRES;250;72.00
FLUX;24265;26.00
PRES;16962;94.00
FLUX;4355;88.00
UMID;31862;5.00
PRES;13356;13.00
PRES;13971;43.00
FLUX;29363;82.00
UMID;11399;67.00
FLUX;18404;51.00
FLUX;3063;19.00
FLUX;12155;44.00
UMID;23076;99.00
PRES;10942;0.00
FLUX;12496;61.00
FLUX;25936;29.00
TEMP;7722;21.00
VIBR;4927;57.00
FLUX;6189;1.00
UMID;20218;8.00
TEMP;11768;81.00
UMID;6447;14.00
FLUX;517;74.00
VIBR;30148;65.00
VIBR;11851;82.00
TEMP;18533;81.00
VIBR;4018;16.00
FLUX;22628;74.00
TEMP;10331;26.00
UMID;5844;43.00
UMID;24752;5.00
TEMP;13100;81.00
PRES;32054;50.00
FLUX;2518;10.00
FLUX;13206;34.00
PRES;21874;38.00
UMID;29531;56.00
VIBR;5816;59.00
PRES;18260;40.00
PRES;12348;73.00
TEMP;15002;70.00
PRES;2693;73.00
PRES;30894;67.00
TEMP;2607;82.00
VIBR;554;17.00
UMID;1302;70.00
FLUX;22520;47.00
VIBR;1209;7.00
VIBR;32011;31.00
UMID;21337;4.00
UMID;13074;98.00
UMID;24189;17.00
UMID;28830;44.00
PRES;13537;87.00
TEMP;20390;78.00
TEMP;7934;50.00
PRES;10625;16.00
PRES;22702;25.00
VIBR;20897;48.00
UMID;6031;62.00
PRES;29360;60.00
TEMP;7485;98.00
TEMP;2543;44.00
VIBR;25978;21.00
PRES;27353;97.00
TEMP;24531;6.00
FLUX;10618;61.00
PRES;24943;80.00
TEMP;21502;26.00
VIBR;26373;4.00
FLUX;5220;40.00
TEMP;10286;47.00
VIBR;14673;76.00
FLUX;13451;37.00
VIBR;20866;45.00
PRES;10359;10.00
UMID;1867;9.00
VIBR;19014;36.00
TEMP;21020;53.00
TEMP;25138;11.00
TEMP;29198;69.00
PRES;11918;7.00
VIBR;3555;35.00
VIBR;17114;95.00
TEMP;17917;23.00
FLUX;15296;58.00
FLUX;12083;76.00
FLUX;19247;59.00
PRES;32408;39.00
PRES;1799;79.00
UMID;19337;89.00
UMID;27163;49.00
FLUX;16284;83.00
FLUX;27242;46.00
TEMP;25670;67.00
VIBR;14563;43.00
FLUX;3162;40.00
VIBR;32278;54.00
VIBR;11174;25.00
VIBR;1170;0.00
UMID;22871;35.00
TEMP;3308;40.00
FLUX;18938;26.00
FLUX;20642;89.00
TEMP;21541;76.00
FLUX;20558;38.00
FLUX;7981;32.00
TEMP;16108;14.00
UMID;32128;46.00
PRES;32549;87.00
UMID;15477;85.00
FLUX;2258;65.00
UMID;29100;99.00
FLUX;31798;62.00
TEMP;4696;95.00
FLUX;30121;38.00
PRES;31501;49.00
FLUX;12197;20.00
PRES;3810;1.00
TEMP;31340;96.00
UMID;19207;29.00
TEMP;22473;46.00
UMID;10276;8.00
PRES;28318;80.00
UMID;29976;96.00
FLUX;23858;54.00
PRES;3823;76.00
UMID;640;8.00
PRES;2098;80.00
TEMP;30200;77.00
VIBR;1490;48.00
TEMP;25203;69.00
PRES;25181;96.00
UMID;9286;58.00
TEMP;6224;76.00
TEMP;13231;56.00
UMID;6797;66.00
PRES;23589;57.00
TEMP;11878;85.00
PRES;22053;69.00
TEMP;7361;20.00
TEMP;23692;79.00
FLUX;14396;69.00
PRES;6065;29.00
PRES;21596;22.00
UMID;1960;84.00
UMID;28201;47.00
VIBR;17539;31.00
VIBR;199;6.00
PRES;18024;32.00
VIBR;24813;9.00
FLUX;16591;6.00
VIBR;4167;34.00
VIBR;17228;15.00
UMID;22057;85.00
UMID;6066;57.00
VIBR;7451;50.00
FLUX;2159;63.00
PRES;11553;65.00
FLUX;11111;46.00
TEMP;26841;52.00
FLUX;19665;44.00
PRES;18358;4.00
PRES;29355;51.00
FLUX;29193;0.00
TEMP;31976;50.00
PRES;13213;28.00
TEMP;28525;10.00
UMID;2;11.00
FLUX;19050;58.00
FLUX;4069;8.00
FLUX;19130;7.00
UMID;16645;11.00
VIBR;20308;95.00
UMID;27303;33.00
FLUX;16871;8.00
FLUX;22167;41.00
FLUX;4157;33.00
TEMP;4878;0.00
TEMP;20735;48.00
VIBR;27683;67.00
TEMP;27105;51.00
TEMP;7050;88.00
TEMP;18031;71.00
PRES;13263;69.00
VIBR;13800;57.00
TEMP;2128;80.00
PRES;11247;9.00
PRES;26014;17.00
TEMP;13047;72.00
PRES;26133;92.00
PRES;12467;66.00
TEMP;7366;92.00
VIBR;31737;10.00
PRES;17674;39.00
FLUX;210;2.00
FLUX;12115;63.00
FLUX;6829;74.00
VIBR;21530;20.00
TEMP;13813;25.00
TEMP;23548;14.00
FLUX;371;52.00
VIBR;6242;13.00
UMID;19780;52.00
VIBR;27204;52.00
VIBR;30803;87.00
UMID;31984;31.00
UMID;20109;12.00
TEMP;6357;28.00
FLUX;18766;22.00
FLUX;14016;4.00
TEMP;4278;58.00
VIBR;30232;23.00
FLUX;14312;65.00
FLUX;14579;86.00
PRES;18276;85.00
FLUX;32536;54.00
UMID;4085;57.00
PRES;13649;25.00
UMID;17900;89.00
VIBR;8344;25.00
PRES;22434;86.00
FLUX;25857;71.00
TEMP;9081;48.00
PRES;30322;44.00
PRES;28871;44.00
FLUX;5510;77.00
TEMP;11390;34.00
UMID;25906;54.00
PRES;13676;15.00
UMID;13821;42.00
VIBR;19806;43.00
VIBR;27122;11.00
UMID;23449;31.00
PRES;24725;59.00
VIBR;25177;84.00
VIBR;15479;95.00
UMID;11361;76.00
FLUX;7246;78.00
VIBR;6330;58.00
VIBR;8077;95.00
TEMP;23088;11.00
VIBR;21237;27.00
TEMP;19774;18.00
FLUX;31647;18.00
UMID;596;29.00
PRES;14174;46.00
PRES;5063;10.00
PRES;8089;13.00
UMID;9674;82.00
UMID;6116;71.00
UMID;21569;71.00
UMID;17410;51.00
FLUX;9546;69.00
VIBR;22814;51.00
PRES;10451;81.00
TEMP;11348;85.00
TEMP;3221;30.00
TEMP;5346;60.00
FLUX;26953;47.00
PRES;670;60.00
VIBR;14588;64.00
VIBR;6527;54.00
VIBR;4032;86.00
TEMP;18781;11.00
PRES;10035;72.00
FLUX;17718;15.00
TEMP;25236;7.00
TEMP;32662;10.00
PRES;29784;10.00
FLUX;31224;49.00
UMID;3974;7.00
PRES;21303;87.00
VIBR;24126;75.00
UMID;9574;47.00
TEMP;9265;75.00
FLUX;32175;17.00
VIBR;20223;31.00
VIBR;6405;5.00
UMID;4015;56.00
VIBR;9931;39.00
FLUX;16320;53.00
TEMP;11969;7.00
VIBR;6534;57.00
PRES;27091;94.00
UMID;32454;56.00
PRES;30116;71.00
FLUX;31192;59.00
FLUX;22757;30.00
TEMP;9401;35.00
FLUX;25303;3.00
VIBR;32458;37.00
TEMP;6800;21.00
FLUX;17718;39.00
UMID;17112;42.00
UMID;27444;44.00
PRES;32180;93.00
TEMP;9883;3.00
FLUX;26365;66.00
PRES;31370;17.00
PRES;8088;91.00
VIBR;3342;72.00
FLUX;19240;17.00
PRES;13834;89.00
FLUX;76;87.00
TEMP;25807;7.00
TEMP;12235;50.00
UMID;1830;0.00
PRES;8513;39.00
VIBR;22463;57.00
FLUX;25631;63.00
PRES;13108;2.00
TEMP;2598;27.00
TEMP;6703;33.00
FLUX;15520;73.00
VIBR;11347;70.00
FLUX;20484;39.00
PRES;31469;43.00
FLUX;29132;1.00
VIBR;25504;20.00
FLUX;31388;63.00
PRES;652;43.00
VIBR;25371;65.00
FLUX;2201;88.00
VIBR;25600;33.00
TEMP;11762;60.00
FLUX;31297;84.00
UMID;25041;87.00
PRES;28272;69.00
FLUX;4136;27.00
FLUX;10914;34.00
VIBR;10965;66.00
UMID;11382;49.00
UMID;26460;75.00
FLUX;18709;46.00
VIBR;9053;46.00
TEMP;22340;48.00
FLUX;28986;46.00
UMID;14301;37.00
VIBR;15286;91.00
VIBR;12108;84.00
FLUX;2669;92.00
UMID;8932;48.00
UMID;2670;0.00
PRES;8993;77.00
VIBR;25967;39.00
PRES;18489;17.00
UMID;30529;89.00
VIBR;22669;25.00
PRES;25752;63.00
VIBR;2252;3.00
VIBR;18244;6.00
FLUX;29682;73.00
UMID;25445;52.00
UMID;15720;87.00
FLUX;30287;72.00
PRES;14821;9.00
VIBR;31496;44.00
VIBR;3056;22.00
TEMP;2479;54.00
TEMP;26376;91.00
PRES;3633;37.00
FLUX;14557;23.00
VIBR;18444;30.00
PRES;23079;48.00
UMID;10267;67.00
PRES;12535;99.00
PRES;663;88.00
TEMP;27798;93.00
TEMP;31448;17.00
FLUX;18258;20.00
UMID;23416;35.00
UMID;5321;12.00
TEMP;2272;87.00
TEMP;25484;80.00
UMID;13686;13.00
FLUX;12084;58.00
VIBR;17880;35.00
FLUX;7236;31.00
TEMP;14568;88.00
TEMP;2405;40.00
PRES;15007;12.00
PRES;31197;2.00
TEMP;6619;35.00
PRES;2911;15.00
PRES;30878;7.00
FLUX;23924;85.00
FLUX;2947;57.00
FLUX;6968;48.00
VIBR;26704;43.00
PRES;18463;26.00
UMID;3303;61.00
PRES;5877;80.00
VIBR;16143;36.00
UMID;32358;19.00
PRES;31431;10.00
PRES;164;73.00
PRES;10272;27.00
FLUX;17414;66.00
FLUX;4817;73.00
PRES;14523;78.00
VIBR;27905;88.00
VIBR;11236;55.00
PRES;21508;40.00
UMID;25264;0.00
VIBR;10482;24.00
TEMP;14415;78.00
TEMP;26723;43.00
TEMP;20441;41.00
VIBR;21441;32.00
TEMP;18298;54.00
TEMP;990;94.00
UMID;3205;64.00
UMID;12250;17.00
UMID;2104;86.00
TEMP;25725;29.00
FLUX;27482;49.00
TEMP;26509;7.00
UMID;29433;54.00
UMID;24526;64.00
PRES;10992;7.00
VIBR;26017;4.00
UMID;772;93.00
VIBR;10640;64.00
FLUX;4526;91.00
VIBR;13594;13.00
UMID;11254;80.00
FLUX;16287;96.00
VIBR;7141;27.00
VIBR;29766;99.00
PRES;18298;61.00
PRES;10018;28.00
VIBR;6186;67.00
UMID;9997;50.00
TEMP;30538;42.00
UMID;26355;73.00
FLUX;19960;11.00
TEMP;29817;19.00
UMID;14181;52.00
UMID;27470;65.00
VIBR;2693;2.00
PRES;7043;95.00
PRES;7313;36.00
UMID;16061;95.00
TEMP;12260;62.00
UMID;11040;7.00
FLUX;31508;3.00
PRES;17474;58.00
UMID;8795;8.00
TEMP;18828;61.00
FLUX;29101;68.00
UMID;24262;39.00
UMID;12294;89.00
PRES;5845;76.00
TEMP;5337;82.00
PRES;12738;59.00
VIBR;20140;20.00
UMID;30377;4.00
FLUX;13891;12.00
UMID;26411;70.00
UMID;19425;3.00
FLUX;19811;28.00
UMID;1163;97.00
FLUX;9890;88.00
FLUX;19292;25.00
TEMP;31828;36.00
PRES;32571;92.00
TEMP;10716;96.00
PRES;12186;94.00
PRES;10574;53.00
FLUX;31494;44.00
UMID;6734;63.00
TEMP;18611;53.00
UMID;7542;67.00
TEMP;12867;3.00
PRES;9244;67.00
UMID;25979;49.00
PRES;18251;42.00
TEMP;7592;60.00
VIBR;27203;25.00
FLUX;8924;54.00
UMID;11249;32.00
TEMP;4426;77.00
FLUX;18437;20.00
FLUX;5490;54.00
TEMP;21442;6.00
TEMP;22996;15.00
UMID;2965;82.00
UMID;10599;28.00
PRES;32278;60.00
TEMP;22023;65.00
PRES;5635;70.00
UMID;21648;43.00
PRES;10321;22.00
UMID;18545;50.00
FLUX;3178;63.00
FLUX;30409;87.00
TEMP;13357;1.00
PRES;23921;66.00
TEMP;1623;56.00
PRES;1165;52.00
UMID;14665;6.00
UMID;8554;19.00
TEMP;25979;61.00
UMID;22488;75.00
VIBR;19954;41.00
FLUX;25414;64.00
UMID;17044;10.00
FLUX;17217;97.00
TEMP;21297;13.00
UMID;16174;63.00
UMID;7064;10.00
UMID;17234;62.00
FLUX;4116;62.00
VIBR;19847;78.00
UMID;12067;33.00
UMID;27179;50.00
TEMP;10304;7.00
TEMP;12847;38.00
FLUX;12578;77.00
PRES;24918;82.00
VIBR;14775;17.00
TEMP;2040;68.00
UMID;17600;94.00
FLUX;7660;77.00
TEMP;11750;24.00
VIBR;25701;52.00
TEMP;26512;36.00
FLUX;8936;89.00
UMID;2545;10.00
VIBR;28579;96.00
TEMP;14844;26.00
FLUX;28106;9.00
UMID;19010;57.00
VIBR;19658;8.00
FLUX;20717;24.00
PRES;26991;20.00
VIBR;5455;92.00
FLUX;20052;99.00
UMID;31931;16.00
FLUX;815;95.00
VIBR;20907;44.00
PRES;13021;78.00
TEMP;12631;1.00
PRES;15928;1.00
TEMP;27471;43.00
PRES;26140;47.00
FLUX;31670;64.00
UMID;24873;42.00
VIBR;21545;58.00
FLUX;545;64.00
FLUX;12416;96.00
TEMP;6642;87.00
FLUX;3045;93.00
UMID;3280;92.00
FLUX;16377;60.00
VIBR;13290;57.00
UMID;15099;7.00
VIBR;11677;67.00
VIBR;23343;31.00
UMID;15409;8.00
FLUX;11513;14.00
FLUX;22409;30.00
FLUX;22116;36.00
UMID;12360;5.00
PRES;13841;83.00
VIBR;9052;69.00
UMID;29885;22.00
VIBR;4846;6.00
FLUX;20453;13.00
VIBR;22051;39.00
PRES;2348;1.00
UMID;828;54.00
FLUX;31121;60.00
TEMP;20461;30.00
FLUX;6298;58.00
PRES;12804;49.00
FLUX;9977;84.00
VIBR;24257;0.00
TEMP;26968;56.00
UMID;20837;49.00
UMID;19284;68.00
PRES;12770;97.00
TEMP;11207;99.00
VIBR;23218;77.00
FLUX;19192;17.00
UMID;26950;23.00
PRES;10310;14.00
VIBR;18053;17.00
TEMP;24679;11.00
PRES;32082;18.00
FLUX;7772;48.00
TEMP;4893;87.00
FLUX;16538;78.00
UMID;31451;92.00
TEMP;16678;7.00
VIBR;13568;5.00
FLUX;2701;27.00
TEMP;20313;20.00
FLUX;32002;68.00
PRES;19917;27.00
TEMP;19979;44.00
VIBR;8557;26.00
FLUX;29308;5.00
VIBR;17762;2.00
UMID;13754;17.00
FLUX;29077;75.00
PRES;21112;49.00
VIBR;8494;85.00
VIBR;8297;73.00
FLUX;32558;37.00
VIBR;1952;40.00
PRES;13783;75.00
TEMP;13720;81.00
VIBR;11690;69.00
PRES;22800;51.00
FLUX;3855;66.00
FLUX;16712;40.00
PRES;26129;23.00
VIBR;29248;23.00
PRES;10674;47.00
UMID;25348;39.00
FLUX;12477;26.00
VIBR;31793;23.00
TEMP;23588;38.00
TEMP;23599;49.00
VIBR;849;53.00
VIBR;13274;83.00
TEMP;2282;56.00
FLUX;2447;34.00
PRES;32506;10.00
PRES;10709;82.00
PRES;30598;10.00
UMID;21530;72.00
VIBR;6889;74.00
FLUX;5957;57.00
UMID;28566;24.00
FLUX;9472;34.00
TEMP;30479;64.00
TEMP;29706;18.00
VIBR;29231;90.00
VIBR;10488;17.00
UMID;21275;65.00
PRES;14887;74.00
VIBR;11638;49.00
FLUX;28366;72.00
PRES;26033;75.00
VIBR;626;58.00
VIBR;1664;97.00
UMID;11564;23.00
PRES;4075;1.00
TEMP;26238;11.00
UMID;21868;59.00
TEMP;15272;31.00
PRES;10516;71.00
PRES;21445;4.00
FLUX;12222;82.00
PRES;2831;60.00
UMID;24227;27.00
UMID;15385;69.00
VIBR;23805;26.00
PRES;10479;75.00
TEMP;25717;11.00
VIBR;20300;93.00
UMID;20878;83.00
FLUX;6762;69.00
PRES;29007;16.00
VIBR;10782;75.00
TEMP;19410;55.00
VIBR;6713;0.00
PRES;17298;75.00
UMID;9830;13.00
FLUX;28543;82.00
FLUX;1534;37.00
FLUX;10816;5.00
FLUX;14468;73.00
TEMP;31547;46.00
FLUX;1742;82.00
TEMP;20015;5.00
UMID;1542;34.00
VIBR;29822;87.00
PRES;16638;81.00
VIBR;14219;41.00
UMID;8600;61.00
TEMP;26025;47.00
PRES;5932;56.00
PRES;19345;97.00
TEMP;6192;43.00
UMID;2657;70.00
UMID;19601;87.00
FLUX;16009;72.00
VIBR;15226;87.00
UMID;1585;40.00
TEMP;4741;27.00
PRES;13828;63.00
VIBR;21889;63.00
PRES;352;83.00
TEMP;19795;25.00
TEMP;5975;60.00
TEMP;12703;8.00
UMID;18446;51.00
VIBR;7230;66.00
PRES;15959;46.00
FLUX;9894;26.00
UMID;18325;19.00
FLUX;28883;68.00
TEMP;6229;21.00
FLUX;3663;73.00
FLUX;1566;66.00
TEMP;16752;50.00
VIBR;24412;9.00
FLUX;21986;1.00
VIBR;28801;87.00
UMID;8980;40.00
PRES;29097;7.00
UMID;5158;15.00
FLUX;6753;93.00
TEMP;22120;50.00
VIBR;362;4.00
UMID;20619;1.00
TEMP;19592;26.00
PRES;5134;93.00
VIBR;6331;93.00
VIBR;26518;90.00
PRES;32127;69.00
TEMP;9257;94.00
VIBR;11741;62.00
PRES;14476;6.00
UMID;4209;77.00
PRES;3372;73.00
VIBR;17337;89.00
FLUX;2145;89.00
UMID;30273;20.00
VIBR;26087;85.00
PRES;21140;46.00
UMID;17890;54.00
FLUX;3305;57.00
VIBR;5838;31.00
FLUX;29970;25.00
PRES;6945;70.00
PRES;22806;26.00
UMID;5771;49.00
UMID;5488;32.00
UMID;30752;21.00
TEMP;30208;17.00
FLUX;28103;12.00
UMID;5885;6.00
UMID;705;36.00
TEMP;22413;32.00
UMID;3636;12.00
TEMP;14297;27.00
PRES;6125;80.00
VIBR;15017;43.00
UMID;18654;87.00
FLUX;9969;6.00
UMID;18947;51.00
VIBR;24543;9.00
VIBR;28594;15.00
PRES;2618;35.00
PRES;2179;68.00
VIBR;27708;6.00
VIBR;28239;32.00
TEMP;28973;37.00
TEMP;23803;77.00
PRES;3172;59.00
TEMP;26123;73.00
PRES;28546;71.00
TEMP;26929;99.00
UMID;13813;59.00
VIBR;6472;94.00
TEMP;23599;69.00
VIBR;4752;16.00
UMID;8987;65.00
VIBR;12793;82.00
UMID;28835;50.00
PRES;1752;28.00
FLUX;25716;70.00
PRES;12143;91.00
TEMP;17471;28.00
FLUX;1536;76.00
FLUX;9509;21.00
PRES;1896;11.00
FLUX;24597;92.00
PRES;7535;53.00
PRES;32060;83.00
PRES;18009;28.00
VIBR;26340;70.00
TEMP;16475;0.00
FLUX;28232;41.00
PRES;15098;94.00
TEMP;3410;3.00
FLUX;27008;39.00
TEMP;26167;12.00
PRES;30994;4.00
UMID;24171;78.00
UMID;12805;55.00
TEMP;25711;15.00
PRES;16260;13.00
UMID;2137;44.00
VIBR;2475;10.00
UMID;7471;53.00
TEMP;3482;40.00
VIBR;11621;52.00
TEMP;31799;23.00
TEMP;14118;39.00
FLUX;29584;54.00
VIBR;29997;62.00
FLUX;12320;68.00
VIBR;32596;73.00
TEMP;27235;82.00
UMID;23079;67.00
UMID;2684;84.00
TEMP;12064;35.00
FLUX;16091;78.00
FLUX;28502;85.00
FLUX;9255;5.00
FLUX;8378;81.00
FLUX;23510;25.00
FLUX;6730;59.00
PRES;31797;95.00
VIBR;3507;0.00
FLUX;32727;32.00
VIBR;32093;82.00
VIBR;5018;50.00
PRES;13274;9.00
UMID;10702;69.00
UMID;3627;33.00
UMID;24088;97.00
VIBR;31833;57.00
TEMP;18728;21.00
TEMP;5201;51.00
FLUX;13416;72.00
VIBR;271;43.00
UMID;32026;33.00
VIBR;3178;88.00
UMID;13227;55.00
TEMP;3119;93.00
PRES;28457;0.00
FLUX;11079;66.00
FLUX;13842;56.00
TEMP;28185;90.00
TEMP;5373;11.00
VIBR;32109;36.00
FLUX;20684;26.00
PRES;17783;66.00
